INDIVID_ID,LIFE_STAGE,PLATE_ID,WELL_ID,TISSUE,WP_ID
P.ad_5024,Adult,PMAd21_01,A01,fin,PMAd21_01 A01
P.ad_5025,Adult,PMAd21_01,A02,fin,PMAd21_01 A02
P.ad_5112,Adult,PMAd21_01,A03,fin,PMAd21_01 A03
P.ad_5131,Adult,PMAd21_01,A04,fin,PMAd21_01 A04
P.ad_5182,Adult,PMAd21_01,A05,fin,PMAd21_01 A05
P.ad_5183,Adult,PMAd21_01,A06,fin,PMAd21_01 A06
P.ad_5184,Adult,PMAd21_01,A07,fin,PMAd21_01 A07
P.ad_5185,Adult,PMAd21_01,A08,fin,PMAd21_01 A08
P.ad_5186,Adult,PMAd21_01,A09,fin,PMAd21_01 A09
P.ad_5223,Adult,PMAd21_01,A10,fin,PMAd21_01 A10
P.ad_5235,Adult,PMAd21_01,A11,fin,PMAd21_01 A11
P.ad_5246,Adult,PMAd21_01,A12,fin,PMAd21_01 A12
P.ad_5265,Adult,PMAd21_01,B01,"muscle, fin",PMAd21_01 B01
P.ad_5271,Adult,PMAd21_01,B02,fin,PMAd21_01 B02
P.ad_5280,Adult,PMAd21_01,B03,"muscle, fin",PMAd21_01 B03
P.ad_5322,Adult,PMAd21_01,B04,fin,PMAd21_01 B04
P.ad_5323,Adult,PMAd21_01,B05,fin,PMAd21_01 B05
P.ad_5382,Adult,PMAd21_01,B06,fin,PMAd21_01 B06
P.ad_5386,Adult,PMAd21_01,B07,fin,PMAd21_01 B07
P.ad_5387,Adult,PMAd21_01,B08,fin,PMAd21_01 B08
P.ad_5388,Adult,PMAd21_01,B09,fin,PMAd21_01 B09
P.ad_5389,Adult,PMAd21_01,B10,fin,PMAd21_01 B10
P.ad_5390,Adult,PMAd21_01,B11,fin,PMAd21_01 B11
P.ad_5410,Adult,PMAd21_01,B12,"fin, muscle",PMAd21_01 B12
P.ad_5422,Adult,PMAd21_01,C01,fin,PMAd21_01 C01
P.ad_5424,Adult,PMAd21_01,C02,fin,PMAd21_01 C02
P.ad_5435,Adult,PMAd21_01,C03,fin,PMAd21_01 C03
P.ad_5467,Adult,PMAd21_01,C04,fin,PMAd21_01 C04
P.ad_5491,Adult,PMAd21_01,C05,fin,PMAd21_01 C05
P.ad_5492,Adult,PMAd21_01,C06,fin,PMAd21_01 C06
P.ad_5493,Adult,PMAd21_01,C07,fin,PMAd21_01 C07
P.ad_5494,Adult,PMAd21_01,C08,fin,PMAd21_01 C08
P.ad_5495,Adult,PMAd21_01,C09,fin,PMAd21_01 C09
P.ad_5544,Adult,PMAd21_01,C10,"fin, muscle",PMAd21_01 C10
P.ad_5585,Adult,PMAd21_01,C11,fin,PMAd21_01 C11
P.ad_5593,Adult,PMAd21_01,C12,fin,PMAd21_01 C12
P.ad_5594,Adult,PMAd21_01,D01,fin,PMAd21_01 D01
P.ad_5595,Adult,PMAd21_01,D02,fin,PMAd21_01 D02
P.ad_5622,Adult,PMAd21_01,D03,fin,PMAd21_01 D03
P.ad_5623,Adult,PMAd21_01,D04,fin,PMAd21_01 D04
P.ad_5624,Adult,PMAd21_01,D05,fin,PMAd21_01 D05
P.ad_5625,Adult,PMAd21_01,D06,fin,PMAd21_01 D06
P.ad_5626,Adult,PMAd21_01,D07,fin,PMAd21_01 D07
P.ad_5627,Adult,PMAd21_01,D08,fin,PMAd21_01 D08
P.ad_5662,Adult,PMAd21_01,D09,fin,PMAd21_01 D09
P.ad_5671,Adult,PMAd21_01,D10,fin,PMAd21_01 D10
P.ad_5680,Adult,PMAd21_01,D11,fin,PMAd21_01 D11
P.ad_5706,Adult,PMAd21_01,D12,fin,PMAd21_01 D12
Empty,NA,PMAd21_01,E01,Nil,PMAd21_01 E01
P.ad_5713,Adult,PMAd21_01,E02,fin,PMAd21_01 E02
P.ad_5714,Adult,PMAd21_01,E03,fin,PMAd21_01 E03
P.ad_5715,Adult,PMAd21_01,E04,fin,PMAd21_01 E04
P.ad_5716,Adult,PMAd21_01,E05,fin,PMAd21_01 E05
P.ad_5724,Adult,PMAd21_01,E06,fin,PMAd21_01 E06
P.ad_5725,Adult,PMAd21_01,E07,fin,PMAd21_01 E07
P.ad_5726,Adult,PMAd21_01,E08,fin,PMAd21_01 E08
P.ad_5748,Adult,PMAd21_01,E09,fin,PMAd21_01 E09
P.ad_5781,Adult,PMAd21_01,E10,fin,PMAd21_01 E10
P.ad_5814,Adult,PMAd21_01,E11,fin,PMAd21_01 E11
P.ad_5815,Adult,PMAd21_01,E12,fin,PMAd21_01 E12
P.ad_5816,Adult,PMAd21_01,F01,fin,PMAd21_01 F01
P.ad_5001,Adult,PMAd21_02,A01,muscle,PMAd21_02 A01
P.ad_5002,Adult,PMAd21_02,A02,muscle,PMAd21_02 A02
P.ad_5004,Adult,PMAd21_02,A03,muscle,PMAd21_02 A03
Empty,NA,PMAd21_02,A04,muscle,PMAd21_02 A04
P.ad_5007,Adult,PMAd21_02,A05,"scale, muscle",PMAd21_02 A05
P.ad_5008,Adult,PMAd21_02,A06,"scale, muscle",PMAd21_02 A06
P.ad_5009,Adult,PMAd21_02,A07,muscle,PMAd21_02 A07
P.ad_5010,Adult,PMAd21_02,A08,muscle,PMAd21_02 A08
P.ad_5011,Adult,PMAd21_02,A09,muscle,PMAd21_02 A09
P.ad_5013,Adult,PMAd21_02,A10,"scale, muscle",PMAd21_02 A10
P.ad_5016,Adult,PMAd21_02,A11,muscle,PMAd21_02 A11
P.ad_5019,Adult,PMAd21_02,A12,muscle,PMAd21_02 A12
P.ad_5020,Adult,PMAd21_02,B01,muscle,PMAd21_02 B01
P.ad_5021,Adult,PMAd21_02,B02,muscle,PMAd21_02 B02
P.ad_5022,Adult,PMAd21_02,B03,muscle,PMAd21_02 B03
P.ad_5023,Adult,PMAd21_02,B04,muscle,PMAd21_02 B04
P.ad_5026,Adult,PMAd21_02,B05,muscle,PMAd21_02 B05
P.ad_5027,Adult,PMAd21_02,B06,muscle,PMAd21_02 B06
P.ad_5028,Adult,PMAd21_02,B07,"scale, muscle",PMAd21_02 B07
P.ad_5029,Adult,PMAd21_02,B08,muscle,PMAd21_02 B08
P.ad_5030,Adult,PMAd21_02,B09,muscle,PMAd21_02 B09
P.ad_5033,Adult,PMAd21_02,B10,muscle,PMAd21_02 B10
P.ad_5034,Adult,PMAd21_02,B11,muscle,PMAd21_02 B11
P.ad_5035,Adult,PMAd21_02,B12,muscle,PMAd21_02 B12
P.ad_5036,Adult,PMAd21_02,C01,muscle,PMAd21_02 C01
P.ad_5037,Adult,PMAd21_02,C02,muscle,PMAd21_02 C02
P.ad_5038,Adult,PMAd21_02,C03,muscle,PMAd21_02 C03
P.ad_5039,Adult,PMAd21_02,C04,muscle,PMAd21_02 C04
P.ad_5041,Adult,PMAd21_02,C05,muscle,PMAd21_02 C05
P.ad_5043,Adult,PMAd21_02,C06,"scale, muscle",PMAd21_02 C06
P.ad_5044,Adult,PMAd21_02,C07,muscle,PMAd21_02 C07
P.ad_5045,Adult,PMAd21_02,C08,muscle,PMAd21_02 C08
P.ad_5046,Adult,PMAd21_02,C09,"scale, muscle",PMAd21_02 C09
P.ad_5047,Adult,PMAd21_02,C10,muscle,PMAd21_02 C10
P.ad_5048,Adult,PMAd21_02,C11,muscle,PMAd21_02 C11
P.ad_5049,Adult,PMAd21_02,C12,muscle,PMAd21_02 C12
P.ad_5050,Adult,PMAd21_02,D01,muscle,PMAd21_02 D01
P.ad_5051,Adult,PMAd21_02,D02,muscle,PMAd21_02 D02
P.ad_5052,Adult,PMAd21_02,D03,muscle,PMAd21_02 D03
P.ad_5053,Adult,PMAd21_02,D04,"scale, muscle",PMAd21_02 D04
P.ad_5054,Adult,PMAd21_02,D05,muscle,PMAd21_02 D05
P.ad_5055,Adult,PMAd21_02,D06,muscle,PMAd21_02 D06
P.ad_5056,Adult,PMAd21_02,D07,muscle,PMAd21_02 D07
P.ad_5057,Adult,PMAd21_02,D08,muscle,PMAd21_02 D08
P.ad_5058,Adult,PMAd21_02,D09,muscle,PMAd21_02 D09
P.ad_5059,Adult,PMAd21_02,D10,muscle,PMAd21_02 D10
P.ad_5060,Adult,PMAd21_02,D11,muscle,PMAd21_02 D11
P.ad_5061,Adult,PMAd21_02,D12,skin,PMAd21_02 D12
Empty,NA,PMAd21_02,E01,muscle,PMAd21_02 E01
Empty,NA,PMAd21_02,E02,Nil,PMAd21_02 E02
P.ad_5064,Adult,PMAd21_02,E03,muscle,PMAd21_02 E03
Empty,NA,PMAd21_02,E04,muscle,PMAd21_02 E04
P.ad_5066,Adult,PMAd21_02,E05,muscle,PMAd21_02 E05
P.ad_5067,Adult,PMAd21_02,E06,muscle,PMAd21_02 E06
P.ad_5068,Adult,PMAd21_02,E07,muscle,PMAd21_02 E07
P.ad_5069,Adult,PMAd21_02,E08,muscle,PMAd21_02 E08
P.ad_5070,Adult,PMAd21_02,E09,muscle,PMAd21_02 E09
P.ad_5071,Adult,PMAd21_02,E10,muscle,PMAd21_02 E10
P.ad_5073,Adult,PMAd21_02,E11,muscle,PMAd21_02 E11
P.ad_5074,Adult,PMAd21_02,E12,skin,PMAd21_02 E12
P.ad_5075,Adult,PMAd21_02,F01,muscle,PMAd21_02 F01
Empty,NA,PMAd21_02,F02,muscle,PMAd21_02 F02
P.ad_5077,Adult,PMAd21_02,F03,muscle,PMAd21_02 F03
Empty,NA,PMAd21_02,F04,muscle,PMAd21_02 F04
P.ad_5079,Adult,PMAd21_02,F05,"scale, muscle",PMAd21_02 F05
P.ad_5080,Adult,PMAd21_02,F06,"scale, muscle",PMAd21_02 F06
P.ad_5083,Adult,PMAd21_02,F07,muscle,PMAd21_02 F07
P.ad_5084,Adult,PMAd21_02,F08,muscle,PMAd21_02 F08
P.ad_5085,Adult,PMAd21_02,F09,muscle,PMAd21_02 F09
P.ad_5086,Adult,PMAd21_02,F10,muscle,PMAd21_02 F10
P.ad_5088,Adult,PMAd21_02,F11,muscle,PMAd21_02 F11
P.ad_5089,Adult,PMAd21_02,F12,muscle,PMAd21_02 F12
P.ad_5090,Adult,PMAd21_02,G01,muscle,PMAd21_02 G01
P.ad_5091,Adult,PMAd21_02,G02,muscle,PMAd21_02 G02
P.ad_5093,Adult,PMAd21_02,G03,muscle,PMAd21_02 G03
P.ad_5094,Adult,PMAd21_02,G04,"scale, muscle",PMAd21_02 G04
P.ad_5095,Adult,PMAd21_02,G05,muscle,PMAd21_02 G05
P.ad_5096,Adult,PMAd21_02,G06,"scale, muscle",PMAd21_02 G06
P.ad_5097,Adult,PMAd21_02,G07,"scale, muscle",PMAd21_02 G07
P.ad_5100,Adult,PMAd21_02,G08,muscle,PMAd21_02 G08
P.ad_5101,Adult,PMAd21_02,G09,muscle,PMAd21_02 G09
P.ad_5102,Adult,PMAd21_02,G10,muscle,PMAd21_02 G10
P.ad_5103,Adult,PMAd21_02,G11,muscle,PMAd21_02 G11
P.ad_5104,Adult,PMAd21_02,G12,muscle,PMAd21_02 G12
P.ad_5105,Adult,PMAd21_02,H01,muscle,PMAd21_02 H01
P.ad_5106,Adult,PMAd21_02,H02,muscle,PMAd21_02 H02
P.ad_5107,Adult,PMAd21_02,H03,muscle,PMAd21_02 H03
P.ad_5109,Adult,PMAd21_02,H04,muscle,PMAd21_02 H04
P.ad_5110,Adult,PMAd21_02,H05,muscle,PMAd21_02 H05
P.ad_5111,Adult,PMAd21_02,H06,muscle,PMAd21_02 H06
P.ad_5115,Adult,PMAd21_02,H07,muscle,PMAd21_02 H07
P.ad_5116,Adult,PMAd21_02,H08,muscle,PMAd21_02 H08
P.ad_5117,Adult,PMAd21_02,H09,muscle,PMAd21_02 H09
P.ad_5118,Adult,PMAd21_02,H10,muscle,PMAd21_02 H10
P.ad_5119,Adult,PMAd21_02,H11,muscle,PMAd21_02 H11
P.ad_5120,Adult,PMAd21_03,A01,muscle,PMAd21_03 A01
P.ad_5121,Adult,PMAd21_03,A02,muscle,PMAd21_03 A02
P.ad_5122,Adult,PMAd21_03,A03,muscle,PMAd21_03 A03
P.ad_5123,Adult,PMAd21_03,A04,muscle,PMAd21_03 A04
P.ad_5124,Adult,PMAd21_03,A05,muscle,PMAd21_03 A05
P.ad_5125,Adult,PMAd21_03,A06,muscle,PMAd21_03 A06
P.ad_5126,Adult,PMAd21_03,A07,muscle,PMAd21_03 A07
P.ad_5127,Adult,PMAd21_03,A08,muscle,PMAd21_03 A08
P.ad_5128,Adult,PMAd21_03,A09,muscle,PMAd21_03 A09
P.ad_5129,Adult,PMAd21_03,A10,muscle,PMAd21_03 A10
P.ad_5130,Adult,PMAd21_03,A11,muscle,PMAd21_03 A11
P.ad_5132,Adult,PMAd21_03,A12,muscle,PMAd21_03 A12
P.ad_5133,Adult,PMAd21_03,B01,muscle,PMAd21_03 B01
P.ad_5135,Adult,PMAd21_03,B02,muscle,PMAd21_03 B02
P.ad_5136,Adult,PMAd21_03,B03,muscle,PMAd21_03 B03
P.ad_5137,Adult,PMAd21_03,B04,"scale, muscle",PMAd21_03 B04
P.ad_5138,Adult,PMAd21_03,B05,"scale, muscle",PMAd21_03 B05
P.ad_5139,Adult,PMAd21_03,B06,muscle,PMAd21_03 B06
P.ad_5140,Adult,PMAd21_03,B07,muscle,PMAd21_03 B07
P.ad_5141,Adult,PMAd21_03,B08,muscle,PMAd21_03 B08
P.ad_5142,Adult,PMAd21_03,B09,muscle,PMAd21_03 B09
P.ad_5143,Adult,PMAd21_03,B10,muscle,PMAd21_03 B10
P.ad_5144,Adult,PMAd21_03,B11,muscle,PMAd21_03 B11
P.ad_5145,Adult,PMAd21_03,B12,muscle,PMAd21_03 B12
P.ad_5147,Adult,PMAd21_03,C01,muscle,PMAd21_03 C01
P.ad_5148,Adult,PMAd21_03,C02,muscle,PMAd21_03 C02
P.ad_5150,Adult,PMAd21_03,C03,muscle,PMAd21_03 C03
Empty,NA,PMAd21_03,C04,muscle,PMAd21_03 C04
P.ad_5152,Adult,PMAd21_03,C05,muscle,PMAd21_03 C05
P.ad_5153,Adult,PMAd21_03,C06,muscle,PMAd21_03 C06
P.ad_5154,Adult,PMAd21_03,C07,muscle,PMAd21_03 C07
P.ad_5158,Adult,PMAd21_03,C08,muscle,PMAd21_03 C08
P.ad_5159,Adult,PMAd21_03,C09,muscle,PMAd21_03 C09
P.ad_5160,Adult,PMAd21_03,C10,muscle,PMAd21_03 C10
P.ad_5161,Adult,PMAd21_03,C11,muscle,PMAd21_03 C11
Empty,NA,PMAd21_03,C12,muscle,PMAd21_03 C12
P.ad_5164,Adult,PMAd21_03,D01,muscle,PMAd21_03 D01
P.ad_5165,Adult,PMAd21_03,D02,muscle,PMAd21_03 D02
P.ad_5166,Adult,PMAd21_03,D03,muscle,PMAd21_03 D03
P.ad_5167,Adult,PMAd21_03,D04,muscle,PMAd21_03 D04
P.ad_5168,Adult,PMAd21_03,D05,muscle,PMAd21_03 D05
P.ad_5169,Adult,PMAd21_03,D06,muscle,PMAd21_03 D06
P.ad_5170,Adult,PMAd21_03,D07,muscle,PMAd21_03 D07
P.ad_5171,Adult,PMAd21_03,D08,muscle,PMAd21_03 D08
P.ad_5173,Adult,PMAd21_03,D09,muscle,PMAd21_03 D09
P.ad_5174,Adult,PMAd21_03,D10,muscle,PMAd21_03 D10
P.ad_5175,Adult,PMAd21_03,D11,"scale, muscle",PMAd21_03 D11
P.ad_5176,Adult,PMAd21_03,D12,"skin, scale",PMAd21_03 D12
P.ad_5177,Adult,PMAd21_03,E01,muscle,PMAd21_03 E01
P.ad_5179,Adult,PMAd21_03,E02,muscle,PMAd21_03 E02
Empty,NA,PMAd21_03,E03,Nil,PMAd21_03 E03
P.ad_5187,Adult,PMAd21_03,E04,"scale, muscle",PMAd21_03 E04
P.ad_5188,Adult,PMAd21_03,E05,muscle,PMAd21_03 E05
P.ad_5190,Adult,PMAd21_03,E06,muscle,PMAd21_03 E06
P.ad_5191,Adult,PMAd21_03,E07,muscle,PMAd21_03 E07
P.ad_5192,Adult,PMAd21_03,E08,muscle,PMAd21_03 E08
P.ad_5193,Adult,PMAd21_03,E09,muscle,PMAd21_03 E09
P.ad_5194,Adult,PMAd21_03,E10,muscle,PMAd21_03 E10
P.ad_5195,Adult,PMAd21_03,E11,muscle,PMAd21_03 E11
Empty,NA,PMAd21_03,E12,muscle,PMAd21_03 E12
P.ad_5197,Adult,PMAd21_03,F01,muscle,PMAd21_03 F01
P.ad_5198,Adult,PMAd21_03,F02,muscle,PMAd21_03 F02
P.ad_5200,Adult,PMAd21_03,F03,muscle,PMAd21_03 F03
P.ad_5201,Adult,PMAd21_03,F04,muscle,PMAd21_03 F04
P.ad_5203,Adult,PMAd21_03,F05,muscle,PMAd21_03 F05
P.ad_5205,Adult,PMAd21_03,F06,muscle,PMAd21_03 F06
P.ad_5206,Adult,PMAd21_03,F07,muscle,PMAd21_03 F07
P.ad_5207,Adult,PMAd21_03,F08,muscle,PMAd21_03 F08
P.ad_5209,Adult,PMAd21_03,F09,muscle,PMAd21_03 F09
P.ad_5210,Adult,PMAd21_03,F10,muscle,PMAd21_03 F10
P.ad_5211,Adult,PMAd21_03,F11,muscle,PMAd21_03 F11
P.ad_5212,Adult,PMAd21_03,F12,muscle,PMAd21_03 F12
Empty,NA,PMAd21_03,G01,"scale, skin",PMAd21_03 G01
Empty,NA,PMAd21_03,G02,muscle,PMAd21_03 G02
P.ad_5215,Adult,PMAd21_03,G03,muscle,PMAd21_03 G03
P.ad_5217,Adult,PMAd21_03,G04,muscle,PMAd21_03 G04
P.ad_5218,Adult,PMAd21_03,G05,"scale, muscle",PMAd21_03 G05
P.ad_5219,Adult,PMAd21_03,G06,muscle,PMAd21_03 G06
P.ad_5220,Adult,PMAd21_03,G07,muscle,PMAd21_03 G07
P.ad_5221,Adult,PMAd21_03,G08,muscle,PMAd21_03 G08
P.ad_5222,Adult,PMAd21_03,G09,muscle,PMAd21_03 G09
P.ad_5224,Adult,PMAd21_03,G10,muscle,PMAd21_03 G10
Empty,NA,PMAd21_03,G11,"skin, scale",PMAd21_03 G11
P.ad_5228,Adult,PMAd21_03,G12,muscle,PMAd21_03 G12
P.ad_5229,Adult,PMAd21_03,H01,muscle,PMAd21_03 H01
P.ad_5230,Adult,PMAd21_03,H02,muscle,PMAd21_03 H02
P.ad_5231,Adult,PMAd21_03,H03,muscle,PMAd21_03 H03
P.ad_5233,Adult,PMAd21_03,H04,muscle,PMAd21_03 H04
P.ad_5234,Adult,PMAd21_03,H05,muscle,PMAd21_03 H05
P.ad_5236,Adult,PMAd21_03,H06,muscle,PMAd21_03 H06
P.ad_5237,Adult,PMAd21_03,H07,muscle,PMAd21_03 H07
P.ad_5238,Adult,PMAd21_03,H08,muscle,PMAd21_03 H08
Empty,NA,PMAd21_03,H09,"skin, scale",PMAd21_03 H09
P.ad_5242,Adult,PMAd21_03,H10,muscle,PMAd21_03 H10
P.ad_5243,Adult,PMAd21_03,H11,muscle,PMAd21_03 H11
P.ad_5245,Adult,PMAd21_04,A01,bone,PMAd21_04 A01
P.ad_5247,Adult,PMAd21_04,A02,muscle,PMAd21_04 A02
P.ad_5248,Adult,PMAd21_04,A03,muscle,PMAd21_04 A03
P.ad_5249,Adult,PMAd21_04,A04,muscle,PMAd21_04 A04
P.ad_5250,Adult,PMAd21_04,A05,muscle,PMAd21_04 A05
P.ad_5251,Adult,PMAd21_04,A06,"muscle, skin",PMAd21_04 A06
P.ad_5252,Adult,PMAd21_04,A07,muscle,PMAd21_04 A07
P.ad_5253,Adult,PMAd21_04,A08,muscle,PMAd21_04 A08
P.ad_5254,Adult,PMAd21_04,A09,muscle,PMAd21_04 A09
P.ad_5256,Adult,PMAd21_04,A10,muscle,PMAd21_04 A10
P.ad_5257,Adult,PMAd21_04,A11,muscle,PMAd21_04 A11
P.ad_5258,Adult,PMAd21_04,A12,muscle,PMAd21_04 A12
P.ad_5259,Adult,PMAd21_04,B01,muscle,PMAd21_04 B01
P.ad_5260,Adult,PMAd21_04,B02,muscle,PMAd21_04 B02
P.ad_5261,Adult,PMAd21_04,B03,"muscle, skin",PMAd21_04 B03
P.ad_5262,Adult,PMAd21_04,B04,muscle,PMAd21_04 B04
P.ad_5263,Adult,PMAd21_04,B05,muscle,PMAd21_04 B05
P.ad_5264,Adult,PMAd21_04,B06,muscle,PMAd21_04 B06
P.ad_5267,Adult,PMAd21_04,B07,"skin, scale",PMAd21_04 B07
P.ad_5268,Adult,PMAd21_04,B08,muscle,PMAd21_04 B08
P.ad_5270,Adult,PMAd21_04,B09,muscle,PMAd21_04 B09
P.ad_5272,Adult,PMAd21_04,B10,muscle,PMAd21_04 B10
P.ad_5273,Adult,PMAd21_04,B11,muscle,PMAd21_04 B11
P.ad_5274,Adult,PMAd21_04,B12,muscle,PMAd21_04 B12
P.ad_5275,Adult,PMAd21_04,C01,muscle,PMAd21_04 C01
P.ad_5276,Adult,PMAd21_04,C02,muscle,PMAd21_04 C02
P.ad_5277,Adult,PMAd21_04,C03,"muscle, scale",PMAd21_04 C03
P.ad_5279,Adult,PMAd21_04,C04,muscle,PMAd21_04 C04
P.ad_5282,Adult,PMAd21_04,C05,muscle,PMAd21_04 C05
P.ad_5283,Adult,PMAd21_04,C06,muscle,PMAd21_04 C06
P.ad_5284,Adult,PMAd21_04,C07,muscle,PMAd21_04 C07
P.ad_5286,Adult,PMAd21_04,C08,muscle,PMAd21_04 C08
P.ad_5287,Adult,PMAd21_04,C09,muscle,PMAd21_04 C09
P.ad_5288,Adult,PMAd21_04,C10,muscle,PMAd21_04 C10
P.ad_5289,Adult,PMAd21_04,C11,muscle,PMAd21_04 C11
P.ad_5291,Adult,PMAd21_04,C12,muscle,PMAd21_04 C12
P.ad_5292,Adult,PMAd21_04,D01,muscle,PMAd21_04 D01
P.ad_5293,Adult,PMAd21_04,D02,muscle,PMAd21_04 D02
P.ad_5294,Adult,PMAd21_04,D03,muscle,PMAd21_04 D03
P.ad_5295,Adult,PMAd21_04,D04,muscle,PMAd21_04 D04
P.ad_5298,Adult,PMAd21_04,D05,muscle,PMAd21_04 D05
P.ad_5300,Adult,PMAd21_04,D06,muscle,PMAd21_04 D06
P.ad_5302,Adult,PMAd21_04,D07,muscle,PMAd21_04 D07
P.ad_5303,Adult,PMAd21_04,D08,muscle,PMAd21_04 D08
P.ad_5304,Adult,PMAd21_04,D09,muscle,PMAd21_04 D09
P.ad_5305,Adult,PMAd21_04,D10,muscle,PMAd21_04 D10
P.ad_5308,Adult,PMAd21_04,D11,skin,PMAd21_04 D11
P.ad_5310,Adult,PMAd21_04,D12,skin,PMAd21_04 D12
P.ad_5311,Adult,PMAd21_04,E01,muscle,PMAd21_04 E01
P.ad_5314,Adult,PMAd21_04,E02,muscle,PMAd21_04 E02
P.ad_5316,Adult,PMAd21_04,E03,muscle,PMAd21_04 E03
Empty,NA,PMAd21_04,E04,Nil,PMAd21_04 E04
P.ad_5318,Adult,PMAd21_04,E05,muscle,PMAd21_04 E05
P.ad_5321,Adult,PMAd21_04,E06,muscle,PMAd21_04 E06
P.ad_5324,Adult,PMAd21_04,E07,muscle,PMAd21_04 E07
P.ad_5325,Adult,PMAd21_04,E08,muscle,PMAd21_04 E08
P.ad_5326,Adult,PMAd21_04,E09,gill,PMAd21_04 E09
P.ad_5328,Adult,PMAd21_04,E10,skin,PMAd21_04 E10
P.ad_5330,Adult,PMAd21_04,E11,bone,PMAd21_04 E11
P.ad_5331,Adult,PMAd21_04,E12,muscle,PMAd21_04 E12
P.ad_5332,Adult,PMAd21_04,F01,muscle,PMAd21_04 F01
P.ad_5333,Adult,PMAd21_04,F02,muscle,PMAd21_04 F02
P.ad_5334,Adult,PMAd21_04,F03,muscle,PMAd21_04 F03
P.ad_5335,Adult,PMAd21_04,F04,muscle,PMAd21_04 F04
P.ad_5336,Adult,PMAd21_04,F05,muscle,PMAd21_04 F05
P.ad_5338,Adult,PMAd21_04,F06,muscle,PMAd21_04 F06
P.ad_5339,Adult,PMAd21_04,F07,muscle,PMAd21_04 F07
P.ad_5341,Adult,PMAd21_04,F08,muscle,PMAd21_04 F08
P.ad_5342,Adult,PMAd21_04,F09,muscle,PMAd21_04 F09
P.ad_5343,Adult,PMAd21_04,F10,muscle,PMAd21_04 F10
P.ad_5344,Adult,PMAd21_04,F11,muscle,PMAd21_04 F11
P.ad_5345,Adult,PMAd21_04,F12,muscle,PMAd21_04 F12
P.ad_5346,Adult,PMAd21_04,G01,muscle,PMAd21_04 G01
P.ad_5347,Adult,PMAd21_04,G02,muscle,PMAd21_04 G02
P.ad_5348,Adult,PMAd21_04,G03,muscle,PMAd21_04 G03
P.ad_5349,Adult,PMAd21_04,G04,muscle (tiny),PMAd21_04 G04
P.ad_5350,Adult,PMAd21_04,G05,muscle,PMAd21_04 G05
P.ad_5352,Adult,PMAd21_04,G06,muscle,PMAd21_04 G06
P.ad_5353,Adult,PMAd21_04,G07,muscle,PMAd21_04 G07
P.ad_5354,Adult,PMAd21_04,G08,"muscle, scale",PMAd21_04 G08
P.ad_5356,Adult,PMAd21_04,G09,muscle,PMAd21_04 G09
P.ad_5357,Adult,PMAd21_04,G10,muscle,PMAd21_04 G10
P.ad_5360,Adult,PMAd21_04,G11,muscle,PMAd21_04 G11
P.ad_5361,Adult,PMAd21_04,G12,"muscle, scale",PMAd21_04 G12
P.ad_5362,Adult,PMAd21_04,H01,"scale, skin",PMAd21_04 H01
P.ad_5363,Adult,PMAd21_04,H02,"scale, skin, muscle",PMAd21_04 H02
P.ad_5365,Adult,PMAd21_04,H03,muscle,PMAd21_04 H03
P.ad_5366,Adult,PMAd21_04,H04,muscle,PMAd21_04 H04
P.ad_5367,Adult,PMAd21_04,H05,muscle,PMAd21_04 H05
P.ad_5368,Adult,PMAd21_04,H06,skin,PMAd21_04 H06
P.ad_5369,Adult,PMAd21_04,H07,muscle,PMAd21_04 H07
P.ad_5370,Adult,PMAd21_04,H08,muscle,PMAd21_04 H08
P.ad_5372,Adult,PMAd21_04,H09,muscle,PMAd21_04 H09
P.ad_5373,Adult,PMAd21_04,H10,muscle,PMAd21_04 H10
P.ad_5375,Adult,PMAd21_04,H11,muscle,PMAd21_04 H11
P.ad_5376,Adult,PMAd21_05,A01,muscle,PMAd21_05 A01
P.ad_5379,Adult,PMAd21_05,A02,muscle,PMAd21_05 A02
P.ad_5381,Adult,PMAd21_05,A03,muscle,PMAd21_05 A03
P.ad_5383,Adult,PMAd21_05,A04,muscle,PMAd21_05 A04
P.ad_5384,Adult,PMAd21_05,A05,muscle,PMAd21_05 A05
P.ad_5385,Adult,PMAd21_05,A06,muscle,PMAd21_05 A06
P.ad_5392,Adult,PMAd21_05,A07,muscle,PMAd21_05 A07
P.ad_5393,Adult,PMAd21_05,A08,muscle,PMAd21_05 A08
P.ad_5394,Adult,PMAd21_05,A09,muscle,PMAd21_05 A09
P.ad_5395,Adult,PMAd21_05,A10,muscle,PMAd21_05 A10
P.ad_5396,Adult,PMAd21_05,A11,muscle,PMAd21_05 A11
P.ad_5397,Adult,PMAd21_05,A12,"scale, skin",PMAd21_05 A12
P.ad_5399,Adult,PMAd21_05,B01,muscle,PMAd21_05 B01
P.ad_5400,Adult,PMAd21_05,B02,"muscle, scale",PMAd21_05 B02
P.ad_5401,Adult,PMAd21_05,B03,muscle,PMAd21_05 B03
P.ad_5402,Adult,PMAd21_05,B04,"muscle, scale",PMAd21_05 B04
P.ad_5403,Adult,PMAd21_05,B05,muscle,PMAd21_05 B05
P.ad_5404,Adult,PMAd21_05,B06,"muscle, scale",PMAd21_05 B06
P.ad_5405,Adult,PMAd21_05,B07,"skin, muscle",PMAd21_05 B07
P.ad_5406,Adult,PMAd21_05,B08,muscle,PMAd21_05 B08
P.ad_5407,Adult,PMAd21_05,B09,muscle,PMAd21_05 B09
P.ad_5408,Adult,PMAd21_05,B10,muscle,PMAd21_05 B10
P.ad_5413,Adult,PMAd21_05,B11,muscle,PMAd21_05 B11
P.ad_5415,Adult,PMAd21_05,B12,muscle,PMAd21_05 B12
P.ad_5416,Adult,PMAd21_05,C01,"muscle, skin",PMAd21_05 C01
P.ad_5417,Adult,PMAd21_05,C02,muscle,PMAd21_05 C02
P.ad_5418,Adult,PMAd21_05,C03,muscle,PMAd21_05 C03
P.ad_5420,Adult,PMAd21_05,C04,muscle,PMAd21_05 C04
P.ad_5425,Adult,PMAd21_05,C05,bone,PMAd21_05 C05
P.ad_5426,Adult,PMAd21_05,C06,muscle,PMAd21_05 C06
P.ad_5427,Adult,PMAd21_05,C07,muscle,PMAd21_05 C07
P.ad_5428,Adult,PMAd21_05,C08,muscle,PMAd21_05 C08
P.ad_5430,Adult,PMAd21_05,C09,muscle,PMAd21_05 C09
P.ad_5432,Adult,PMAd21_05,C10,"muscle, scale",PMAd21_05 C10
P.ad_5433,Adult,PMAd21_05,C11,muscle,PMAd21_05 C11
P.ad_5436,Adult,PMAd21_05,C12,muscle,PMAd21_05 C12
P.ad_5437,Adult,PMAd21_05,D01,muscle,PMAd21_05 D01
P.ad_5438,Adult,PMAd21_05,D02,muscle,PMAd21_05 D02
P.ad_5439,Adult,PMAd21_05,D03,muscle,PMAd21_05 D03
P.ad_5440,Adult,PMAd21_05,D04,muscle,PMAd21_05 D04
P.ad_5441,Adult,PMAd21_05,D05,muscle,PMAd21_05 D05
P.ad_5442,Adult,PMAd21_05,D06,muscle,PMAd21_05 D06
P.ad_5443,Adult,PMAd21_05,D07,muscle,PMAd21_05 D07
P.ad_5446,Adult,PMAd21_05,D08,muscle,PMAd21_05 D08
P.ad_5447,Adult,PMAd21_05,D09,muscle,PMAd21_05 D09
P.ad_5449,Adult,PMAd21_05,D10,muscle,PMAd21_05 D10
P.ad_5451,Adult,PMAd21_05,D11,"muscle, scale",PMAd21_05 D11
P.ad_5454,Adult,PMAd21_05,D12,"muscle, scale",PMAd21_05 D12
P.ad_5455,Adult,PMAd21_05,E01,muscle,PMAd21_05 E01
P.ad_5456,Adult,PMAd21_05,E02,muscle,PMAd21_05 E02
P.ad_5457,Adult,PMAd21_05,E03,muscle,PMAd21_05 E03
P.ad_5459,Adult,PMAd21_05,E04,skin,PMAd21_05 E04
Empty,NA,PMAd21_05,E05,Nil,PMAd21_05 E05
P.ad_5460,Adult,PMAd21_05,E06,muscle,PMAd21_05 E06
Empty,NA,PMAd21_05,E07,"skin, scale",PMAd21_05 E07
P.ad_5463,Adult,PMAd21_05,E08,"scale, muscle",PMAd21_05 E08
P.ad_5464,Adult,PMAd21_05,E09,muscle,PMAd21_05 E09
P.ad_5466,Adult,PMAd21_05,E10,muscle,PMAd21_05 E10
P.ad_5468,Adult,PMAd21_05,E11,skin,PMAd21_05 E11
P.ad_5471,Adult,PMAd21_05,E12,muscle,PMAd21_05 E12
P.ad_5472,Adult,PMAd21_05,F01,skin,PMAd21_05 F01
P.ad_5473,Adult,PMAd21_05,F02,"scale, muscle",PMAd21_05 F02
P.ad_5474,Adult,PMAd21_05,F03,"skin, muscle",PMAd21_05 F03
P.ad_5475,Adult,PMAd21_05,F04,"scale, muscle",PMAd21_05 F04
P.ad_5476,Adult,PMAd21_05,F05,muscle,PMAd21_05 F05
P.ad_5477,Adult,PMAd21_05,F06,muscle,PMAd21_05 F06
P.ad_5478,Adult,PMAd21_05,F07,"muscle, scale",PMAd21_05 F07
P.ad_5479,Adult,PMAd21_05,F08,muscle,PMAd21_05 F08
P.ad_5480,Adult,PMAd21_05,F09,"scale, muscle",PMAd21_05 F09
P.ad_5481,Adult,PMAd21_05,F10,"scale, muscle",PMAd21_05 F10
P.ad_5482,Adult,PMAd21_05,F11,muscle,PMAd21_05 F11
Empty,NA,PMAd21_05,F12,"scale, muscle",PMAd21_05 F12
P.ad_5488,Adult,PMAd21_05,G01,muscle,PMAd21_05 G01
P.ad_5489,Adult,PMAd21_05,G02,skin,PMAd21_05 G02
P.ad_5496,Adult,PMAd21_05,G03,muscle,PMAd21_05 G03
P.ad_5497,Adult,PMAd21_05,G04,muscle,PMAd21_05 G04
P.ad_5498,Adult,PMAd21_05,G05,muscle,PMAd21_05 G05
P.ad_5499,Adult,PMAd21_05,G06,muscle,PMAd21_05 G06
P.ad_5500,Adult,PMAd21_05,G07,muscle,PMAd21_05 G07
P.ad_5501,Adult,PMAd21_05,G08,muscle,PMAd21_05 G08
P.ad_5502,Adult,PMAd21_05,G09,muscle,PMAd21_05 G09
P.ad_5503,Adult,PMAd21_05,G10,muscle,PMAd21_05 G10
P.ad_5504,Adult,PMAd21_05,G11,muscle,PMAd21_05 G11
Empty,NA,PMAd21_05,G12,"skin, scale",PMAd21_05 G12
P.ad_5507,Adult,PMAd21_05,H01,muscle,PMAd21_05 H01
P.ad_5508,Adult,PMAd21_05,H02,"muscle, scale",PMAd21_05 H02
P.ad_5509,Adult,PMAd21_05,H03,muscle,PMAd21_05 H03
P.ad_5510,Adult,PMAd21_05,H04,"muscle, scale",PMAd21_05 H04
P.ad_5511,Adult,PMAd21_05,H05,muscle,PMAd21_05 H05
P.ad_5512,Adult,PMAd21_05,H06,muscle,PMAd21_05 H06
P.ad_5513,Adult,PMAd21_05,H07,muscle,PMAd21_05 H07
P.ad_5514,Adult,PMAd21_05,H08,muscle,PMAd21_05 H08
Empty,NA,PMAd21_05,H09,muscle,PMAd21_05 H09
P.ad_5516,Adult,PMAd21_05,H10,muscle,PMAd21_05 H10
P.ad_5517,Adult,PMAd21_05,H11,muscle,PMAd21_05 H11
P.ad_5518,Adult,PMAd21_06,A01,muscle,PMAd21_06 A01
P.ad_5519,Adult,PMAd21_06,A02,muscle,PMAd21_06 A02
P.ad_5520,Adult,PMAd21_06,A03,muscle,PMAd21_06 A03
P.ad_5521,Adult,PMAd21_06,A04,muscle,PMAd21_06 A04
P.ad_5523,Adult,PMAd21_06,A05,muscle,PMAd21_06 A05
P.ad_5524,Adult,PMAd21_06,A06,muscle,PMAd21_06 A06
P.ad_5525,Adult,PMAd21_06,A07,muscle,PMAd21_06 A07
P.ad_5526,Adult,PMAd21_06,A08,muscle,PMAd21_06 A08
P.ad_5527,Adult,PMAd21_06,A09,muscle,PMAd21_06 A09
P.ad_5528,Adult,PMAd21_06,A10,muscle,PMAd21_06 A10
P.ad_5529,Adult,PMAd21_06,A11,muscle,PMAd21_06 A11
P.ad_5530,Adult,PMAd21_06,A12,"muscle, scale",PMAd21_06 A12
P.ad_5531,Adult,PMAd21_06,B01,muscle,PMAd21_06 B01
P.ad_5532,Adult,PMAd21_06,B02,muscle,PMAd21_06 B02
P.ad_5533,Adult,PMAd21_06,B03,muscle,PMAd21_06 B03
P.ad_5535,Adult,PMAd21_06,B04,muscle,PMAd21_06 B04
P.ad_5536,Adult,PMAd21_06,B05,muscle,PMAd21_06 B05
P.ad_5537,Adult,PMAd21_06,B06,muscle,PMAd21_06 B06
P.ad_5538,Adult,PMAd21_06,B07,"muscle, scale",PMAd21_06 B07
P.ad_5539,Adult,PMAd21_06,B08,muscle,PMAd21_06 B08
P.ad_5540,Adult,PMAd21_06,B09,muscle,PMAd21_06 B09
P.ad_5542,Adult,PMAd21_06,B10,"scale, muscle",PMAd21_06 B10
P.ad_5543,Adult,PMAd21_06,B11,muscle,PMAd21_06 B11
P.ad_5545,Adult,PMAd21_06,B12,muscle,PMAd21_06 B12
Empty,NA,PMAd21_06,C01,muscle,PMAd21_06 C01
P.ad_5547,Adult,PMAd21_06,C02,muscle,PMAd21_06 C02
P.ad_5548,Adult,PMAd21_06,C03,"muscle, scale",PMAd21_06 C03
P.ad_5549,Adult,PMAd21_06,C04,"muscle, scale",PMAd21_06 C04
P.ad_5551,Adult,PMAd21_06,C05,muscle,PMAd21_06 C05
P.ad_5552,Adult,PMAd21_06,C06,"muscle, scale",PMAd21_06 C06
P.ad_5553,Adult,PMAd21_06,C07,muscle,PMAd21_06 C07
P.ad_5554,Adult,PMAd21_06,C08,muscle,PMAd21_06 C08
P.ad_5555,Adult,PMAd21_06,C09,"muscle, skin",PMAd21_06 C09
P.ad_5556,Adult,PMAd21_06,C10,muscle,PMAd21_06 C10
P.ad_5557,Adult,PMAd21_06,C11,muscle,PMAd21_06 C11
P.ad_5559,Adult,PMAd21_06,C12,muscle,PMAd21_06 C12
P.ad_5560,Adult,PMAd21_06,D01,muscle,PMAd21_06 D01
P.ad_5564,Adult,PMAd21_06,D02,"skin, scale",PMAd21_06 D02
P.ad_5565,Adult,PMAd21_06,D03,muscle,PMAd21_06 D03
P.ad_5566,Adult,PMAd21_06,D04,muscle,PMAd21_06 D04
P.ad_5567,Adult,PMAd21_06,D05,"muscle, skin",PMAd21_06 D05
P.ad_5570,Adult,PMAd21_06,D06,muscle,PMAd21_06 D06
P.ad_5574,Adult,PMAd21_06,D07,muscle,PMAd21_06 D07
P.ad_5575,Adult,PMAd21_06,D08,muscle,PMAd21_06 D08
P.ad_5576,Adult,PMAd21_06,D09,"scale, muscle",PMAd21_06 D09
P.ad_5577,Adult,PMAd21_06,D10,muscle,PMAd21_06 D10
P.ad_5578,Adult,PMAd21_06,D11,muscle,PMAd21_06 D11
P.ad_5579,Adult,PMAd21_06,D12,muscle,PMAd21_06 D12
P.ad_5582,Adult,PMAd21_06,E01,skin,PMAd21_06 E01
P.ad_5583,Adult,PMAd21_06,E02,muscle (small),PMAd21_06 E02
P.ad_5584,Adult,PMAd21_06,E03,muscle,PMAd21_06 E03
Empty,NA,PMAd21_06,E04,muscle,PMAd21_06 E04
P.ad_5587,Adult,PMAd21_06,E05,muscle,PMAd21_06 E05
Empty,NA,PMAd21_06,E06,Nil,PMAd21_06 E06
P.ad_5590,Adult,PMAd21_06,E07,"muscle, skin, scale",PMAd21_06 E07
P.ad_5591,Adult,PMAd21_06,E08,muscle,PMAd21_06 E08
P.ad_5592,Adult,PMAd21_06,E09,muscle,PMAd21_06 E09
P.ad_5596,Adult,PMAd21_06,E10,"scale, skin, muscle",PMAd21_06 E10
P.ad_5597,Adult,PMAd21_06,E11,muscle,PMAd21_06 E11
P.ad_5598,Adult,PMAd21_06,E12,muscle,PMAd21_06 E12
P.ad_5599,Adult,PMAd21_06,F01,muscle,PMAd21_06 F01
P.ad_5600,Adult,PMAd21_06,F02,muscle,PMAd21_06 F02
P.ad_5602,Adult,PMAd21_06,F03,muscle,PMAd21_06 F03
P.ad_5605,Adult,PMAd21_06,F04,muscle,PMAd21_06 F04
P.ad_5606,Adult,PMAd21_06,F05,"muscle, scale",PMAd21_06 F05
P.ad_5607,Adult,PMAd21_06,F06,muscle,PMAd21_06 F06
P.ad_5609,Adult,PMAd21_06,F07,muscle,PMAd21_06 F07
Empty,NA,PMAd21_06,F08,"skin, scale",PMAd21_06 F08
P.ad_5611,Adult,PMAd21_06,F09,muscle,PMAd21_06 F09
P.ad_5615,Adult,PMAd21_06,F10,muscle,PMAd21_06 F10
P.ad_5617,Adult,PMAd21_06,F11,muscle,PMAd21_06 F11
P.ad_5618,Adult,PMAd21_06,F12,"scale, skin",PMAd21_06 F12
P.ad_5619,Adult,PMAd21_06,G01,muscle,PMAd21_06 G01
P.ad_5621,Adult,PMAd21_06,G02,"muscle, scale",PMAd21_06 G02
P.ad_5629,Adult,PMAd21_06,G03,muscle,PMAd21_06 G03
P.ad_5632,Adult,PMAd21_06,G04,muscle,PMAd21_06 G04
P.ad_5633,Adult,PMAd21_06,G05,muscle,PMAd21_06 G05
P.ad_5635,Adult,PMAd21_06,G06,muscle,PMAd21_06 G06
P.ad_5639,Adult,PMAd21_06,G07,muscle,PMAd21_06 G07
P.ad_5641,Adult,PMAd21_06,G08,muscle,PMAd21_06 G08
P.ad_5643,Adult,PMAd21_06,G09,muscle,PMAd21_06 G09
P.ad_5644,Adult,PMAd21_06,G10,muscle,PMAd21_06 G10
P.ad_5646,Adult,PMAd21_06,G11,muscle,PMAd21_06 G11
P.ad_5647,Adult,PMAd21_06,G12,muscle,PMAd21_06 G12
P.ad_5648,Adult,PMAd21_06,H01,muscle,PMAd21_06 H01
P.ad_5650,Adult,PMAd21_06,H02,muscle,PMAd21_06 H02
Empty,NA,PMAd21_06,H03,skin,PMAd21_06 H03
P.ad_5656,Adult,PMAd21_06,H04,muscle,PMAd21_06 H04
P.ad_5657,Adult,PMAd21_06,H05,muscle,PMAd21_06 H05
P.ad_5658,Adult,PMAd21_06,H06,muscle,PMAd21_06 H06
P.ad_5659,Adult,PMAd21_06,H07,muscle,PMAd21_06 H07
P.ad_5661,Adult,PMAd21_06,H08,muscle,PMAd21_06 H08
P.ad_5663,Adult,PMAd21_06,H09,"skin, muscle",PMAd21_06 H09
P.ad_5664,Adult,PMAd21_06,H10,muscle,PMAd21_06 H10
P.ad_5665,Adult,PMAd21_06,H11,muscle,PMAd21_06 H11
P.ad_5666,Adult,PMAd21_07,A01,muscle,PMAd21_07 A01
P.ad_5668,Adult,PMAd21_07,A02,muscle,PMAd21_07 A02
P.ad_5670,Adult,PMAd21_07,A03,muscle,PMAd21_07 A03
P.ad_5673,Adult,PMAd21_07,A04,muscle,PMAd21_07 A04
P.ad_5674,Adult,PMAd21_07,A05,muscle,PMAd21_07 A05
P.ad_5675,Adult,PMAd21_07,A06,muscle,PMAd21_07 A06
P.ad_5677,Adult,PMAd21_07,A07,muscle,PMAd21_07 A07
P.ad_5678,Adult,PMAd21_07,A08,muscle,PMAd21_07 A08
P.ad_5679,Adult,PMAd21_07,A09,muscle,PMAd21_07 A09
P.ad_5682,Adult,PMAd21_07,A10,muscle,PMAd21_07 A10
P.ad_5683,Adult,PMAd21_07,A11,"skin, scale",PMAd21_07 A11
P.ad_5684,Adult,PMAd21_07,A12,muscle,PMAd21_07 A12
P.ad_5685,Adult,PMAd21_07,B01,muscle,PMAd21_07 B01
P.ad_5686,Adult,PMAd21_07,B02,skin,PMAd21_07 B02
P.ad_5687,Adult,PMAd21_07,B03,"skin, scale",PMAd21_07 B03
P.ad_5688,Adult,PMAd21_07,B04,muscle,PMAd21_07 B04
P.ad_5690,Adult,PMAd21_07,B05,muscle,PMAd21_07 B05
P.ad_5691,Adult,PMAd21_07,B06,"scale, muscle",PMAd21_07 B06
P.ad_5692,Adult,PMAd21_07,B07,muscle,PMAd21_07 B07
P.ad_5693,Adult,PMAd21_07,B08,muscle,PMAd21_07 B08
P.ad_5699,Adult,PMAd21_07,B09,muscle,PMAd21_07 B09
P.ad_5700,Adult,PMAd21_07,B10,"skin, scale",PMAd21_07 B10
P.ad_5701,Adult,PMAd21_07,B11,muscle,PMAd21_07 B11
P.ad_5702,Adult,PMAd21_07,B12,muscle,PMAd21_07 B12
P.ad_5703,Adult,PMAd21_07,C01,"scale, muscle",PMAd21_07 C01
P.ad_5704,Adult,PMAd21_07,C02,muscle,PMAd21_07 C02
P.ad_5708,Adult,PMAd21_07,C03,"skin, muscle",PMAd21_07 C03
P.ad_5709,Adult,PMAd21_07,C04,muscle,PMAd21_07 C04
P.ad_5710,Adult,PMAd21_07,C05,skin,PMAd21_07 C05
P.ad_5711,Adult,PMAd21_07,C06,muscle,PMAd21_07 C06
P.ad_5720,Adult,PMAd21_07,C07,"scale, muscle",PMAd21_07 C07
P.ad_5721,Adult,PMAd21_07,C08,"scale, muscle",PMAd21_07 C08
P.ad_5722,Adult,PMAd21_07,C09,muscle,PMAd21_07 C09
P.ad_5723,Adult,PMAd21_07,C10,muscle,PMAd21_07 C10
P.ad_5728,Adult,PMAd21_07,C11,muscle,PMAd21_07 C11
P.ad_5730,Adult,PMAd21_07,C12,muscle,PMAd21_07 C12
P.ad_5732,Adult,PMAd21_07,D01,muscle,PMAd21_07 D01
P.ad_5733,Adult,PMAd21_07,D02,muscle,PMAd21_07 D02
P.ad_5736,Adult,PMAd21_07,D03,muscle,PMAd21_07 D03
P.ad_5739,Adult,PMAd21_07,D04,"muscle, scale",PMAd21_07 D04
P.ad_5740,Adult,PMAd21_07,D05,muscle,PMAd21_07 D05
P.ad_5741,Adult,PMAd21_07,D06,muscle,PMAd21_07 D06
P.ad_5742,Adult,PMAd21_07,D07,muscle,PMAd21_07 D07
P.ad_5745,Adult,PMAd21_07,D08,"muscle, scale",PMAd21_07 D08
P.ad_5746,Adult,PMAd21_07,D09,"muscle, scale",PMAd21_07 D09
P.ad_5750,Adult,PMAd21_07,D10,"muscle, scale",PMAd21_07 D10
P.ad_5754,Adult,PMAd21_07,D11,muscle,PMAd21_07 D11
P.ad_5755,Adult,PMAd21_07,D12,muscle,PMAd21_07 D12
P.ad_5756,Adult,PMAd21_07,E01,muscle,PMAd21_07 E01
P.ad_5759,Adult,PMAd21_07,E02,muscle,PMAd21_07 E02
P.ad_5761,Adult,PMAd21_07,E03,muscle,PMAd21_07 E03
P.ad_5762,Adult,PMAd21_07,E04,muscle,PMAd21_07 E04
P.ad_5764,Adult,PMAd21_07,E05,muscle,PMAd21_07 E05
P.ad_5765,Adult,PMAd21_07,E06,muscle,PMAd21_07 E06
Empty,NA,PMAd21_07,E07,Nil,PMAd21_07 E07
P.ad_5770,Adult,PMAd21_07,E08,muscle,PMAd21_07 E08
P.ad_5771,Adult,PMAd21_07,E09,muscle,PMAd21_07 E09
P.ad_5773,Adult,PMAd21_07,E10,"skin, muscle",PMAd21_07 E10
P.ad_5774,Adult,PMAd21_07,E11,muscle,PMAd21_07 E11
P.ad_5776,Adult,PMAd21_07,E12,muscle,PMAd21_07 E12
P.ad_5778,Adult,PMAd21_07,F01,muscle,PMAd21_07 F01
P.ad_5779,Adult,PMAd21_07,F02,muscle,PMAd21_07 F02
P.ad_5780,Adult,PMAd21_07,F03,muscle,PMAd21_07 F03
P.ad_5782,Adult,PMAd21_07,F04,skin,PMAd21_07 F04
P.ad_5783,Adult,PMAd21_07,F05,muscle,PMAd21_07 F05
P.ad_5784,Adult,PMAd21_07,F06,muscle,PMAd21_07 F06
P.ad_5785,Adult,PMAd21_07,F07,muscle,PMAd21_07 F07
P.ad_5786,Adult,PMAd21_07,F08,muscle,PMAd21_07 F08
P.ad_5787,Adult,PMAd21_07,F09,skin,PMAd21_07 F09
P.ad_5790,Adult,PMAd21_07,F10,muscle,PMAd21_07 F10
P.ad_5792,Adult,PMAd21_07,F11,muscle,PMAd21_07 F11
P.ad_5793,Adult,PMAd21_07,F12,muscle,PMAd21_07 F12
P.ad_5794,Adult,PMAd21_07,G01,muscle,PMAd21_07 G01
P.ad_5796,Adult,PMAd21_07,G02,muscle,PMAd21_07 G02
P.ad_5797,Adult,PMAd21_07,G03,muscle,PMAd21_07 G03
Empty,NA,PMAd21_07,G04,skin,PMAd21_07 G04
P.ad_5799,Adult,PMAd21_07,G05,muscle,PMAd21_07 G05
P.ad_5800,Adult,PMAd21_07,G06,muscle,PMAd21_07 G06
P.ad_5801,Adult,PMAd21_07,G07,muscle,PMAd21_07 G07
P.ad_5802,Adult,PMAd21_07,G08,muscle,PMAd21_07 G08
P.ad_5804,Adult,PMAd21_07,G09,"skin, scale",PMAd21_07 G09
P.ad_5806,Adult,PMAd21_07,G10,muscle,PMAd21_07 G10
P.ad_5807,Adult,PMAd21_07,G11,muscle,PMAd21_07 G11
P.ad_5808,Adult,PMAd21_07,G12,"skin, scale",PMAd21_07 G12
P.ad_5809,Adult,PMAd21_07,H01,"scale, muscle",PMAd21_07 H01
P.ad_5810,Adult,PMAd21_07,H02,muscle,PMAd21_07 H02
P.ad_5811,Adult,PMAd21_07,H03,muscle,PMAd21_07 H03
P.ad_5812,Adult,PMAd21_07,H04,muscle,PMAd21_07 H04
P.ad_5813,Adult,PMAd21_07,H05,muscle,PMAd21_07 H05
P.ad_5003,Adult,PMAd21_08,A01,scale,PMAd21_08 A01
P.ad_5006,Adult,PMAd21_08,A02,scale,PMAd21_08 A02
P.ad_5012,Adult,PMAd21_08,A03,scale,PMAd21_08 A03
P.ad_5014,Adult,PMAd21_08,A04,scale,PMAd21_08 A04
P.ad_5015,Adult,PMAd21_08,A05,scale,PMAd21_08 A05
P.ad_5017,Adult,PMAd21_08,A06,scale,PMAd21_08 A06
P.ad_5018,Adult,PMAd21_08,A07,scale,PMAd21_08 A07
P.ad_5031,Adult,PMAd21_08,A08,scale,PMAd21_08 A08
P.ad_5032,Adult,PMAd21_08,A09,scale,PMAd21_08 A09
P.ad_5040,Adult,PMAd21_08,A10,scale,PMAd21_08 A10
P.ad_5042,Adult,PMAd21_08,A11,scale,PMAd21_08 A11
P.ad_5063,Adult,PMAd21_08,A12,scale,PMAd21_08 A12
P.ad_5072,Adult,PMAd21_08,B01,scale,PMAd21_08 B01
P.ad_5081,Adult,PMAd21_08,B02,scale,PMAd21_08 B02
P.ad_5082,Adult,PMAd21_08,B03,scale,PMAd21_08 B03
P.ad_5087,Adult,PMAd21_08,B04,scale,PMAd21_08 B04
P.ad_5092,Adult,PMAd21_08,B05,scale,PMAd21_08 B05
P.ad_5098,Adult,PMAd21_08,B06,scale,PMAd21_08 B06
P.ad_5099,Adult,PMAd21_08,B07,scale,PMAd21_08 B07
P.ad_5108,Adult,PMAd21_08,B08,scale,PMAd21_08 B08
P.ad_5114,Adult,PMAd21_08,B09,scale,PMAd21_08 B09
P.ad_5134,Adult,PMAd21_08,B10,scale,PMAd21_08 B10
P.ad_5146,Adult,PMAd21_08,B11,scale,PMAd21_08 B11
P.ad_5149,Adult,PMAd21_08,B12,scale,PMAd21_08 B12
P.ad_5155,Adult,PMAd21_08,C01,scale,PMAd21_08 C01
P.ad_5156,Adult,PMAd21_08,C02,scale,PMAd21_08 C02
P.ad_5157,Adult,PMAd21_08,C03,scale,PMAd21_08 C03
P.ad_5163,Adult,PMAd21_08,C04,scale,PMAd21_08 C04
P.ad_5172,Adult,PMAd21_08,C05,scale,PMAd21_08 C05
P.ad_5178,Adult,PMAd21_08,C06,scale,PMAd21_08 C06
P.ad_5180,Adult,PMAd21_08,C07,scale,PMAd21_08 C07
P.ad_5181,Adult,PMAd21_08,C08,scale,PMAd21_08 C08
P.ad_5189,Adult,PMAd21_08,C09,scale,PMAd21_08 C09
P.ad_5199,Adult,PMAd21_08,C10,scale,PMAd21_08 C10
P.ad_5202,Adult,PMAd21_08,C11,scale,PMAd21_08 C11
P.ad_5204,Adult,PMAd21_08,C12,scale,PMAd21_08 C12
P.ad_5208,Adult,PMAd21_08,D01,scale,PMAd21_08 D01
P.ad_5216,Adult,PMAd21_08,D02,scale,PMAd21_08 D02
P.ad_5226,Adult,PMAd21_08,D03,scale,PMAd21_08 D03
P.ad_5227,Adult,PMAd21_08,D04,scale,PMAd21_08 D04
P.ad_5232,Adult,PMAd21_08,D05,scale,PMAd21_08 D05
P.ad_5239,Adult,PMAd21_08,D06,scale,PMAd21_08 D06
P.ad_5241,Adult,PMAd21_08,D07,scale,PMAd21_08 D07
P.ad_5244,Adult,PMAd21_08,D08,scale,PMAd21_08 D08
P.ad_5255,Adult,PMAd21_08,D09,scale,PMAd21_08 D09
P.ad_5266,Adult,PMAd21_08,D10,scale,PMAd21_08 D10
P.ad_5269,Adult,PMAd21_08,D11,scale,PMAd21_08 D11
P.ad_5278,Adult,PMAd21_08,D12,scale,PMAd21_08 D12
P.ad_5281,Adult,PMAd21_08,E01,scale,PMAd21_08 E01
P.ad_5285,Adult,PMAd21_08,E02,scale,PMAd21_08 E02
P.ad_5290,Adult,PMAd21_08,E03,scale,PMAd21_08 E03
P.ad_5296,Adult,PMAd21_08,E04,scale,PMAd21_08 E04
P.ad_5297,Adult,PMAd21_08,E05,scale,PMAd21_08 E05
P.ad_5299,Adult,PMAd21_08,E06,scale,PMAd21_08 E06
P.ad_5301,Adult,PMAd21_08,E07,scale,PMAd21_08 E07
Empty,NA,PMAd21_08,E08,Nil,PMAd21_08 E08
P.ad_5306,Adult,PMAd21_08,E09,scale,PMAd21_08 E09
P.ad_5307,Adult,PMAd21_08,E10,scale,PMAd21_08 E10
P.ad_5309,Adult,PMAd21_08,E11,scale,PMAd21_08 E11
P.ad_5312,Adult,PMAd21_08,E12,scale,PMAd21_08 E12
P.ad_5313,Adult,PMAd21_08,F01,scale,PMAd21_08 F01
P.ad_5315,Adult,PMAd21_08,F02,scale,PMAd21_08 F02
P.ad_5317,Adult,PMAd21_08,F03,scale,PMAd21_08 F03
P.ad_5319,Adult,PMAd21_08,F04,scale,PMAd21_08 F04
P.ad_5320,Adult,PMAd21_08,F05,scale,PMAd21_08 F05
P.ad_5327,Adult,PMAd21_08,F06,scale,PMAd21_08 F06
P.ad_5329,Adult,PMAd21_08,F07,scale,PMAd21_08 F07
P.ad_5337,Adult,PMAd21_08,F08,scale,PMAd21_08 F08
P.ad_5340,Adult,PMAd21_08,F09,scale,PMAd21_08 F09
P.ad_5351,Adult,PMAd21_08,F10,scale,PMAd21_08 F10
P.ad_5355,Adult,PMAd21_08,F11,scales,PMAd21_08 F11
P.ad_5358,Adult,PMAd21_08,F12,scale,PMAd21_08 F12
P.ad_5359,Adult,PMAd21_08,G01,scale,PMAd21_08 G01
P.ad_5364,Adult,PMAd21_08,G02,scales,PMAd21_08 G02
P.ad_5371,Adult,PMAd21_08,G03,scales,PMAd21_08 G03
P.ad_5374,Adult,PMAd21_08,G04,scale,PMAd21_08 G04
P.ad_5377,Adult,PMAd21_08,G05,scale,PMAd21_08 G05
P.ad_5378,Adult,PMAd21_08,G06,scale,PMAd21_08 G06
P.ad_5380,Adult,PMAd21_08,G07,scale,PMAd21_08 G07
P.ad_5391,Adult,PMAd21_08,G08,scale,PMAd21_08 G08
P.ad_5398,Adult,PMAd21_08,G09,scale,PMAd21_08 G09
P.ad_5409,Adult,PMAd21_08,G10,scale,PMAd21_08 G10
P.ad_5411,Adult,PMAd21_08,G11,scale,PMAd21_08 G11
P.ad_5412,Adult,PMAd21_08,G12,scale,PMAd21_08 G12
P.ad_5414,Adult,PMAd21_08,H01,scale,PMAd21_08 H01
P.ad_5419,Adult,PMAd21_08,H02,scale,PMAd21_08 H02
P.ad_5421,Adult,PMAd21_08,H03,scale,PMAd21_08 H03
P.ad_5423,Adult,PMAd21_08,H04,scale,PMAd21_08 H04
P.ad_5429,Adult,PMAd21_08,H05,scale,PMAd21_08 H05
P.ad_5431,Adult,PMAd21_08,H06,scale,PMAd21_08 H06
P.ad_5434,Adult,PMAd21_08,H07,scale,PMAd21_08 H07
P.ad_5444,Adult,PMAd21_08,H08,scale,PMAd21_08 H08
P.ad_5445,Adult,PMAd21_08,H09,scale,PMAd21_08 H09
P.ad_5448,Adult,PMAd21_08,H10,scale,PMAd21_08 H10
P.ad_5450,Adult,PMAd21_08,H11,scale,PMAd21_08 H11
P.ad_5452,Adult,PMAd21_09,A01,scale,PMAd21_09 A01
P.ad_5453,Adult,PMAd21_09,A02,scale,PMAd21_09 A02
P.ad_5458,Adult,PMAd21_09,A03,scale,PMAd21_09 A03
P.ad_5462,Adult,PMAd21_09,A04,scale,PMAd21_09 A04
P.ad_5465,Adult,PMAd21_09,A05,scale,PMAd21_09 A05
P.ad_5469,Adult,PMAd21_09,A06,scale,PMAd21_09 A06
P.ad_5470,Adult,PMAd21_09,A07,scale,PMAd21_09 A07
P.ad_5483,Adult,PMAd21_09,A08,scale,PMAd21_09 A08
P.ad_5484,Adult,PMAd21_09,A09,scale,PMAd21_09 A09
P.ad_5485,Adult,PMAd21_09,A10,scale,PMAd21_09 A10
P.ad_5486,Adult,PMAd21_09,A11,scale,PMAd21_09 A11
P.ad_5490,Adult,PMAd21_09,A12,scale,PMAd21_09 A12
P.ad_5505,Adult,PMAd21_09,B01,scale,PMAd21_09 B01
P.ad_5522,Adult,PMAd21_09,B02,scale,PMAd21_09 B02
P.ad_5534,Adult,PMAd21_09,B03,scale,PMAd21_09 B03
P.ad_5541,Adult,PMAd21_09,B04,scale,PMAd21_09 B04
P.ad_5550,Adult,PMAd21_09,B05,scale,PMAd21_09 B05
P.ad_5558,Adult,PMAd21_09,B06,scale,PMAd21_09 B06
P.ad_5561,Adult,PMAd21_09,B07,scale,PMAd21_09 B07
P.ad_5562,Adult,PMAd21_09,B08,scale,PMAd21_09 B08
P.ad_5563,Adult,PMAd21_09,B09,scale,PMAd21_09 B09
P.ad_5571,Adult,PMAd21_09,B10,scale,PMAd21_09 B10
P.ad_5572,Adult,PMAd21_09,B11,scale,PMAd21_09 B11
P.ad_5573,Adult,PMAd21_09,B12,scale,PMAd21_09 B12
P.ad_5580,Adult,PMAd21_09,C01,scale,PMAd21_09 C01
P.ad_5581,Adult,PMAd21_09,C02,scale,PMAd21_09 C02
P.ad_5588,Adult,PMAd21_09,C03,scale,PMAd21_09 C03
P.ad_5589,Adult,PMAd21_09,C04,scale,PMAd21_09 C04
P.ad_5601,Adult,PMAd21_09,C05,scale,PMAd21_09 C05
P.ad_5603,Adult,PMAd21_09,C06,scale,PMAd21_09 C06
P.ad_5604,Adult,PMAd21_09,C07,scale,PMAd21_09 C07
P.ad_5608,Adult,PMAd21_09,C08,scale,PMAd21_09 C08
P.ad_5612,Adult,PMAd21_09,C09,scale,PMAd21_09 C09
P.ad_5613,Adult,PMAd21_09,C10,scale,PMAd21_09 C10
P.ad_5614,Adult,PMAd21_09,C11,scale,PMAd21_09 C11
P.ad_5616,Adult,PMAd21_09,C12,scale,PMAd21_09 C12
P.ad_5620,Adult,PMAd21_09,D01,scale,PMAd21_09 D01
P.ad_5628,Adult,PMAd21_09,D02,scale,PMAd21_09 D02
P.ad_5630,Adult,PMAd21_09,D03,scale,PMAd21_09 D03
P.ad_5631,Adult,PMAd21_09,D04,scale,PMAd21_09 D04
P.ad_5634,Adult,PMAd21_09,D05,scale,PMAd21_09 D05
P.ad_5636,Adult,PMAd21_09,D06,scale,PMAd21_09 D06
P.ad_5637,Adult,PMAd21_09,D07,scale,PMAd21_09 D07
P.ad_5638,Adult,PMAd21_09,D08,scale,PMAd21_09 D08
P.ad_5640,Adult,PMAd21_09,D09,scale,PMAd21_09 D09
P.ad_5642,Adult,PMAd21_09,D10,scale,PMAd21_09 D10
P.ad_5645,Adult,PMAd21_09,D11,scale,PMAd21_09 D11
P.ad_5649,Adult,PMAd21_09,D12,scale,PMAd21_09 D12
P.ad_5651,Adult,PMAd21_09,E01,scale,PMAd21_09 E01
P.ad_5652,Adult,PMAd21_09,E02,scale,PMAd21_09 E02
P.ad_5654,Adult,PMAd21_09,E03,scale,PMAd21_09 E03
P.ad_5655,Adult,PMAd21_09,E04,scale,PMAd21_09 E04
P.ad_5660,Adult,PMAd21_09,E05,scale,PMAd21_09 E05
P.ad_5667,Adult,PMAd21_09,E06,scale,PMAd21_09 E06
P.ad_5669,Adult,PMAd21_09,E07,scale,PMAd21_09 E07
P.ad_5672,Adult,PMAd21_09,E08,scale,PMAd21_09 E08
Empty,NA,PMAd21_09,E09,Nil,PMAd21_09 E09
P.ad_5676,Adult,PMAd21_09,E10,scale,PMAd21_09 E10
P.ad_5681,Adult,PMAd21_09,E11,scale,PMAd21_09 E11
P.ad_5689,Adult,PMAd21_09,E12,scale,PMAd21_09 E12
P.ad_5694,Adult,PMAd21_09,F01,scale,PMAd21_09 F01
P.ad_5695,Adult,PMAd21_09,F02,scale,PMAd21_09 F02
P.ad_5696,Adult,PMAd21_09,F03,scale,PMAd21_09 F03
P.ad_5697,Adult,PMAd21_09,F04,scale,PMAd21_09 F04
P.ad_5698,Adult,PMAd21_09,F05,scale,PMAd21_09 F05
P.ad_5705,Adult,PMAd21_09,F06,scale,PMAd21_09 F06
P.ad_5707,Adult,PMAd21_09,F07,scale,PMAd21_09 F07
P.ad_5712,Adult,PMAd21_09,F08,scale,PMAd21_09 F08
P.ad_5717,Adult,PMAd21_09,F09,scale,PMAd21_09 F09
P.ad_5718,Adult,PMAd21_09,F10,scale,PMAd21_09 F10
P.ad_5719,Adult,PMAd21_09,F11,scale,PMAd21_09 F11
P.ad_5727,Adult,PMAd21_09,F12,scale,PMAd21_09 F12
P.ad_5729,Adult,PMAd21_09,G01,scale,PMAd21_09 G01
P.ad_5731,Adult,PMAd21_09,G02,scale,PMAd21_09 G02
P.ad_5734,Adult,PMAd21_09,G03,scale,PMAd21_09 G03
P.ad_5735,Adult,PMAd21_09,G04,scale,PMAd21_09 G04
P.ad_5737,Adult,PMAd21_09,G05,scale,PMAd21_09 G05
P.ad_5738,Adult,PMAd21_09,G06,scale,PMAd21_09 G06
P.ad_5743,Adult,PMAd21_09,G07,scale,PMAd21_09 G07
P.ad_5744,Adult,PMAd21_09,G08,scale,PMAd21_09 G08
P.ad_5747,Adult,PMAd21_09,G09,scale,PMAd21_09 G09
P.ad_5749,Adult,PMAd21_09,G10,scale,PMAd21_09 G10
P.ad_5751,Adult,PMAd21_09,G11,scale,PMAd21_09 G11
P.ad_5752,Adult,PMAd21_09,G12,scale,PMAd21_09 G12
P.ad_5753,Adult,PMAd21_09,H01,scale,PMAd21_09 H01
P.ad_5757,Adult,PMAd21_09,H02,scale,PMAd21_09 H02
P.ad_5758,Adult,PMAd21_09,H03,scale,PMAd21_09 H03
P.ad_5760,Adult,PMAd21_09,H04,scale,PMAd21_09 H04
P.ad_5763,Adult,PMAd21_09,H05,scale,PMAd21_09 H05
P.ad_5766,Adult,PMAd21_09,H06,scale,PMAd21_09 H06
P.ad_5767,Adult,PMAd21_09,H07,scale,PMAd21_09 H07
P.ad_5768,Adult,PMAd21_09,H08,scale,PMAd21_09 H08
P.ad_5769,Adult,PMAd21_09,H09,scale,PMAd21_09 H09
P.ad_5772,Adult,PMAd21_09,H10,scale,PMAd21_09 H10
P.ad_5775,Adult,PMAd21_09,H11,scale,PMAd21_09 H11
P.ad_5777,Adult,PMAd21_10,A01,scale,PMAd21_10 A01
P.ad_5788,Adult,PMAd21_10,A02,scale,PMAd21_10 A02
P.ad_5789,Adult,PMAd21_10,A03,scale,PMAd21_10 A03
P.ad_5791,Adult,PMAd21_10,A04,scale,PMAd21_10 A04
P.ad_5795,Adult,PMAd21_10,A05,scale,PMAd21_10 A05
P.ad_5803,Adult,PMAd21_10,A06,scale,PMAd21_10 A06
P.ad_5805,Adult,PMAd21_10,A07,scale,PMAd21_10 A07
P.ad_5062,Adult,PMAd21_10,A08,scale,PMAd21_10 A08
P.ad_5076,Adult,PMAd21_10,A09,scale,PMAd21_10 A09
P.ad_5005,Adult,PMAd21_10,A10,scale,PMAd21_10 A10
P.ad_5065,Adult,PMAd21_10,A11,scale,PMAd21_10 A11
P.ad_5078,Adult,PMAd21_10,A12,scale,PMAd21_10 A12
P.ad_5461,Adult,PMAd21_10,B01,scale,PMAd21_10 B01
P.ad_5515,Adult,PMAd21_10,B02,scale,PMAd21_10 B02
P.ad_5487,Adult,PMAd21_10,B03,scale,PMAd21_10 B03
P.ad_5506,Adult,PMAd21_10,B04,scale,PMAd21_10 B04
P.ad_5546,Adult,PMAd21_10,B05,scale,PMAd21_10 B05
P.ad_5213,Adult,PMAd21_10,B06,scale,PMAd21_10 B06
P.ad_5653,Adult,PMAd21_10,B07,scale,PMAd21_10 B07
P.ad_5586,Adult,PMAd21_10,B08,scale,PMAd21_10 B08
P.ad_5214,Adult,PMAd21_10,B09,scale,PMAd21_10 B09
P.ad_5610,Adult,PMAd21_10,B10,scale,PMAd21_10 B10
P.ad_5151,Adult,PMAd21_10,B11,scale,PMAd21_10 B11
P.ad_5798,Adult,PMAd21_10,B12,scale,PMAd21_10 B12
P.ad_5240,Adult,PMAd21_10,C01,scale,PMAd21_10 C01
P.ad_5225,Adult,PMAd21_10,C02,scale,PMAd21_10 C02
P.ad_5162,Adult,PMAd21_10,C03,scale,PMAd21_10 C03
P.ad_5196,Adult,PMAd21_10,C04,scale,PMAd21_10 C04
Empty,NA,PMAd21_10,E10,Nil,PMAd21_10 E10
P.juv_01616,Juvenile,PMJuv21_01,A01,Fin,PMJuv21_01 A01
P.juv_01617,Juvenile,PMJuv21_01,A02,Fin,PMJuv21_01 A02
P.juv_01618,Juvenile,PMJuv21_01,A03,Fin,PMJuv21_01 A03
P.juv_01619,Juvenile,PMJuv21_01,A04,Fin,PMJuv21_01 A04
P.juv_01620,Juvenile,PMJuv21_01,A05,Fin,PMJuv21_01 A05
P.juv_01621,Juvenile,PMJuv21_01,A06,Fin,PMJuv21_01 A06
P.juv_01622,Juvenile,PMJuv21_01,A07,Fin,PMJuv21_01 A07
P.juv_01623,Juvenile,PMJuv21_01,A08,Fin,PMJuv21_01 A08
P.juv_01624,Juvenile,PMJuv21_01,A09,Fin,PMJuv21_01 A09
P.juv_01625,Juvenile,PMJuv21_01,A10,Fin,PMJuv21_01 A10
P.juv_01626,Juvenile,PMJuv21_01,A11,Fin,PMJuv21_01 A11
P.juv_01627,Juvenile,PMJuv21_01,A12,Fin,PMJuv21_01 A12
Empty,NA,PMJuv21_01,B01,Nil,PMJuv21_01 B01
P.juv_01628,Juvenile,PMJuv21_01,B02,Fin,PMJuv21_01 B02
P.juv_01629,Juvenile,PMJuv21_01,B03,Fin,PMJuv21_01 B03
P.juv_01630,Juvenile,PMJuv21_01,B04,Fin,PMJuv21_01 B04
P.juv_01631,Juvenile,PMJuv21_01,B05,Fin,PMJuv21_01 B05
P.juv_01632,Juvenile,PMJuv21_01,B06,Fin,PMJuv21_01 B06
P.juv_01633,Juvenile,PMJuv21_01,B07,Fin,PMJuv21_01 B07
P.juv_01634,Juvenile,PMJuv21_01,B08,Fin,PMJuv21_01 B08
P.juv_01635,Juvenile,PMJuv21_01,B09,Fin,PMJuv21_01 B09
P.juv_01636,Juvenile,PMJuv21_01,B10,Fin,PMJuv21_01 B10
P.juv_01637,Juvenile,PMJuv21_01,B11,Fin,PMJuv21_01 B11
P.juv_01638,Juvenile,PMJuv21_01,B12,Fin,PMJuv21_01 B12
P.juv_01639,Juvenile,PMJuv21_01,C01,Fin,PMJuv21_01 C01
P.juv_01640,Juvenile,PMJuv21_01,C02,Fin,PMJuv21_01 C02
P.juv_01641,Juvenile,PMJuv21_01,C03,Fin,PMJuv21_01 C03
P.juv_01642,Juvenile,PMJuv21_01,C04,Fin,PMJuv21_01 C04
P.juv_01643,Juvenile,PMJuv21_01,C05,Fin,PMJuv21_01 C05
P.juv_01644,Juvenile,PMJuv21_01,C06,Fin,PMJuv21_01 C06
P.juv_01645,Juvenile,PMJuv21_01,C07,Fin,PMJuv21_01 C07
P.juv_01646,Juvenile,PMJuv21_01,C08,Fin,PMJuv21_01 C08
P.juv_01647,Juvenile,PMJuv21_01,C09,Musc,PMJuv21_01 C09
P.juv_01648,Juvenile,PMJuv21_01,C10,Fin,PMJuv21_01 C10
P.juv_01649,Juvenile,PMJuv21_01,C11,Fin,PMJuv21_01 C11
P.juv_01650,Juvenile,PMJuv21_01,C12,Fin,PMJuv21_01 C12
P.juv_01651,Juvenile,PMJuv21_01,D01,Fin,PMJuv21_01 D01
P.juv_01652,Juvenile,PMJuv21_01,D02,Fin,PMJuv21_01 D02
P.juv_01653,Juvenile,PMJuv21_01,D03,Fin,PMJuv21_01 D03
P.juv_01654,Juvenile,PMJuv21_01,D04,Fin,PMJuv21_01 D04
P.juv_01655,Juvenile,PMJuv21_01,D05,Fin,PMJuv21_01 D05
P.juv_01656,Juvenile,PMJuv21_01,D06,Fin,PMJuv21_01 D06
P.juv_01657,Juvenile,PMJuv21_01,D07,Fin,PMJuv21_01 D07
P.juv_01658,Juvenile,PMJuv21_01,D08,Fin,PMJuv21_01 D08
P.juv_01659,Juvenile,PMJuv21_01,D09,Fin,PMJuv21_01 D09
P.juv_01660,Juvenile,PMJuv21_01,D10,Fin,PMJuv21_01 D10
P.juv_01661,Juvenile,PMJuv21_01,D11,Fin,PMJuv21_01 D11
P.juv_01662,Juvenile,PMJuv21_01,D12,Fin,PMJuv21_01 D12
P.juv_01663,Juvenile,PMJuv21_01,E01,Fin,PMJuv21_01 E01
P.juv_01664,Juvenile,PMJuv21_01,E02,Fin,PMJuv21_01 E02
P.juv_01665,Juvenile,PMJuv21_01,E03,Fin,PMJuv21_01 E03
P.juv_01666,Juvenile,PMJuv21_01,E04,Fin,PMJuv21_01 E04
P.juv_01667,Juvenile,PMJuv21_01,E05,Fin,PMJuv21_01 E05
P.juv_01668,Juvenile,PMJuv21_01,E06,Fin,PMJuv21_01 E06
P.juv_01669,Juvenile,PMJuv21_01,E07,Fin,PMJuv21_01 E07
P.juv_01670,Juvenile,PMJuv21_01,E08,Fin,PMJuv21_01 E08
P.juv_01671,Juvenile,PMJuv21_01,E09,Fin,PMJuv21_01 E09
P.juv_01672,Juvenile,PMJuv21_01,E10,Fin,PMJuv21_01 E10
P.juv_01673,Juvenile,PMJuv21_01,E11,Fin,PMJuv21_01 E11
P.juv_01674,Juvenile,PMJuv21_01,E12,Fin,PMJuv21_01 E12
P.juv_01675,Juvenile,PMJuv21_01,F01,Fin,PMJuv21_01 F01
P.juv_01676,Juvenile,PMJuv21_01,F02,Fin,PMJuv21_01 F02
P.juv_01677,Juvenile,PMJuv21_01,F03,Fin,PMJuv21_01 F03
P.juv_01678,Juvenile,PMJuv21_01,F04,Fin,PMJuv21_01 F04
P.juv_01679,Juvenile,PMJuv21_01,F05,Fin,PMJuv21_01 F05
P.juv_01680,Juvenile,PMJuv21_01,F06,Fin,PMJuv21_01 F06
P.juv_01681,Juvenile,PMJuv21_01,F07,Fin,PMJuv21_01 F07
P.juv_01682,Juvenile,PMJuv21_01,F08,Fin,PMJuv21_01 F08
P.juv_01683,Juvenile,PMJuv21_01,F09,Fin,PMJuv21_01 F09
P.juv_01684,Juvenile,PMJuv21_01,F10,Fin,PMJuv21_01 F10
P.juv_01685,Juvenile,PMJuv21_01,F11,Fin,PMJuv21_01 F11
P.juv_01686,Juvenile,PMJuv21_01,F12,Fin,PMJuv21_01 F12
P.juv_01687,Juvenile,PMJuv21_01,G01,Fin,PMJuv21_01 G01
P.juv_01688,Juvenile,PMJuv21_01,G02,Fin,PMJuv21_01 G02
P.juv_01689,Juvenile,PMJuv21_01,G03,Fin,PMJuv21_01 G03
P.juv_01690,Juvenile,PMJuv21_01,G04,Fin,PMJuv21_01 G04
P.juv_01691,Juvenile,PMJuv21_01,G05,Fin,PMJuv21_01 G05
P.juv_01692,Juvenile,PMJuv21_01,G06,Fin,PMJuv21_01 G06
P.juv_01693,Juvenile,PMJuv21_01,G07,Fin,PMJuv21_01 G07
P.juv_01694,Juvenile,PMJuv21_01,G08,Fin,PMJuv21_01 G08
P.juv_01695,Juvenile,PMJuv21_01,G09,Fin,PMJuv21_01 G09
P.juv_01696,Juvenile,PMJuv21_01,G10,Fin,PMJuv21_01 G10
P.juv_01697,Juvenile,PMJuv21_01,G11,Fin,PMJuv21_01 G11
P.juv_01698,Juvenile,PMJuv21_01,G12,Fin,PMJuv21_01 G12
P.juv_01699,Juvenile,PMJuv21_01,H01,Fin,PMJuv21_01 H01
P.juv_01700,Juvenile,PMJuv21_01,H02,Fin,PMJuv21_01 H02
P.juv_01701,Juvenile,PMJuv21_01,H03,Fin,PMJuv21_01 H03
P.juv_01702,Juvenile,PMJuv21_01,H04,Fin,PMJuv21_01 H04
P.juv_01703,Juvenile,PMJuv21_01,H05,Fin,PMJuv21_01 H05
P.juv_01704,Juvenile,PMJuv21_01,H06,Fin,PMJuv21_01 H06
P.juv_01705,Juvenile,PMJuv21_01,H07,Fin,PMJuv21_01 H07
P.juv_01706,Juvenile,PMJuv21_01,H08,Fin,PMJuv21_01 H08
P.juv_01707,Juvenile,PMJuv21_01,H09,Fin,PMJuv21_01 H09
P.juv_01708,Juvenile,PMJuv21_01,H10,Fin,PMJuv21_01 H10
P.juv_01709,Juvenile,PMJuv21_01,H11,Fin,PMJuv21_01 H11
P.juv_01710,Juvenile,PMJuv21_02,A01,Fin,PMJuv21_02 A01
P.juv_01711,Juvenile,PMJuv21_02,A02,Fin,PMJuv21_02 A02
P.juv_01712,Juvenile,PMJuv21_02,A03,Fin,PMJuv21_02 A03
P.juv_01713,Juvenile,PMJuv21_02,A04,Fin,PMJuv21_02 A04
P.juv_01714,Juvenile,PMJuv21_02,A05,Fin,PMJuv21_02 A05
P.juv_01715,Juvenile,PMJuv21_02,A06,Fin,PMJuv21_02 A06
P.juv_01716,Juvenile,PMJuv21_02,A07,Fin,PMJuv21_02 A07
P.juv_01717,Juvenile,PMJuv21_02,A08,Fin,PMJuv21_02 A08
P.juv_01718,Juvenile,PMJuv21_02,A09,Fin,PMJuv21_02 A09
P.juv_01719,Juvenile,PMJuv21_02,A10,Fin,PMJuv21_02 A10
P.juv_01720,Juvenile,PMJuv21_02,A11,Fin,PMJuv21_02 A11
P.juv_01721,Juvenile,PMJuv21_02,A12,Fin,PMJuv21_02 A12
P.juv_01722,Juvenile,PMJuv21_02,B01,Fin,PMJuv21_02 B01
Empty,NA,PMJuv21_02,B02,Nil,PMJuv21_02 B02
P.juv_01723,Juvenile,PMJuv21_02,B03,Fin,PMJuv21_02 B03
P.juv_01724,Juvenile,PMJuv21_02,B04,Fin,PMJuv21_02 B04
P.juv_01725,Juvenile,PMJuv21_02,B05,Fin,PMJuv21_02 B05
P.juv_01726,Juvenile,PMJuv21_02,B06,Fin,PMJuv21_02 B06
P.juv_01727,Juvenile,PMJuv21_02,B07,Fin,PMJuv21_02 B07
P.juv_01728,Juvenile,PMJuv21_02,B08,Fin,PMJuv21_02 B08
P.juv_01729,Juvenile,PMJuv21_02,B09,Fin,PMJuv21_02 B09
P.juv_01730,Juvenile,PMJuv21_02,B10,Fin,PMJuv21_02 B10
P.juv_01731,Juvenile,PMJuv21_02,B11,Fin,PMJuv21_02 B11
P.juv_01732,Juvenile,PMJuv21_02,B12,Fin,PMJuv21_02 B12
P.juv_01733,Juvenile,PMJuv21_02,C01,Fin,PMJuv21_02 C01
P.juv_01734,Juvenile,PMJuv21_02,C02,Fin,PMJuv21_02 C02
P.juv_01735,Juvenile,PMJuv21_02,C03,Fin,PMJuv21_02 C03
P.juv_01736,Juvenile,PMJuv21_02,C04,Fin,PMJuv21_02 C04
P.juv_01737,Juvenile,PMJuv21_02,C05,Fin,PMJuv21_02 C05
P.juv_01738,Juvenile,PMJuv21_02,C06,Fin,PMJuv21_02 C06
P.juv_01739,Juvenile,PMJuv21_02,C07,Fin,PMJuv21_02 C07
P.juv_01740,Juvenile,PMJuv21_02,C08,Fin,PMJuv21_02 C08
P.juv_01741,Juvenile,PMJuv21_02,C09,Fin,PMJuv21_02 C09
P.juv_01742,Juvenile,PMJuv21_02,C10,Fin,PMJuv21_02 C10
P.juv_01743,Juvenile,PMJuv21_02,C11,Fin,PMJuv21_02 C11
P.juv_01744,Juvenile,PMJuv21_02,C12,Fin,PMJuv21_02 C12
P.juv_01745,Juvenile,PMJuv21_02,D01,Fin,PMJuv21_02 D01
P.juv_01746,Juvenile,PMJuv21_02,D02,Fin,PMJuv21_02 D02
P.juv_01747,Juvenile,PMJuv21_02,D03,Fin,PMJuv21_02 D03
P.juv_01748,Juvenile,PMJuv21_02,D04,Fin,PMJuv21_02 D04
P.juv_01749,Juvenile,PMJuv21_02,D05,Fin,PMJuv21_02 D05
P.juv_01750,Juvenile,PMJuv21_02,D06,Fin,PMJuv21_02 D06
P.juv_01751,Juvenile,PMJuv21_02,D07,Fin,PMJuv21_02 D07
P.juv_01752,Juvenile,PMJuv21_02,D08,Fin,PMJuv21_02 D08
P.juv_01753,Juvenile,PMJuv21_02,D09,Fin,PMJuv21_02 D09
P.juv_01754,Juvenile,PMJuv21_02,D10,Fin,PMJuv21_02 D10
P.juv_01755,Juvenile,PMJuv21_02,D11,Fin,PMJuv21_02 D11
P.juv_01756,Juvenile,PMJuv21_02,D12,Fin,PMJuv21_02 D12
P.juv_01757,Juvenile,PMJuv21_02,E01,Fin,PMJuv21_02 E01
P.juv_01758,Juvenile,PMJuv21_02,E02,Fin,PMJuv21_02 E02
P.juv_01759,Juvenile,PMJuv21_02,E03,Fin,PMJuv21_02 E03
P.juv_01760,Juvenile,PMJuv21_02,E04,Fin,PMJuv21_02 E04
P.juv_01761,Juvenile,PMJuv21_02,E05,Fin,PMJuv21_02 E05
P.juv_01762,Juvenile,PMJuv21_02,E06,Fin,PMJuv21_02 E06
P.juv_01763,Juvenile,PMJuv21_02,E07,Fin,PMJuv21_02 E07
P.juv_01764,Juvenile,PMJuv21_02,E08,Fin,PMJuv21_02 E08
P.juv_01765,Juvenile,PMJuv21_02,E09,Fin,PMJuv21_02 E09
P.juv_01766,Juvenile,PMJuv21_02,E10,Fin,PMJuv21_02 E10
P.juv_01767,Juvenile,PMJuv21_02,E11,Fin,PMJuv21_02 E11
P.juv_01768,Juvenile,PMJuv21_02,E12,Fin,PMJuv21_02 E12
P.juv_01769,Juvenile,PMJuv21_02,F01,Fin,PMJuv21_02 F01
P.juv_01770,Juvenile,PMJuv21_02,F02,Fin,PMJuv21_02 F02
P.juv_01771,Juvenile,PMJuv21_02,F03,Fin,PMJuv21_02 F03
P.juv_01772,Juvenile,PMJuv21_02,F04,Fin,PMJuv21_02 F04
P.juv_01773,Juvenile,PMJuv21_02,F05,Fin,PMJuv21_02 F05
P.juv_01774,Juvenile,PMJuv21_02,F06,Fin,PMJuv21_02 F06
P.juv_01775,Juvenile,PMJuv21_02,F07,Fin,PMJuv21_02 F07
P.juv_01776,Juvenile,PMJuv21_02,F08,Fin,PMJuv21_02 F08
P.juv_01777,Juvenile,PMJuv21_02,F09,Fin,PMJuv21_02 F09
P.juv_01778,Juvenile,PMJuv21_02,F10,Fin,PMJuv21_02 F10
P.juv_01779,Juvenile,PMJuv21_02,F11,Fin,PMJuv21_02 F11
P.juv_01780,Juvenile,PMJuv21_02,F12,Fin,PMJuv21_02 F12
P.juv_01781,Juvenile,PMJuv21_02,G01,Fin,PMJuv21_02 G01
P.juv_01782,Juvenile,PMJuv21_02,G02,Fin,PMJuv21_02 G02
P.juv_01783,Juvenile,PMJuv21_02,G03,Fin,PMJuv21_02 G03
P.juv_01784,Juvenile,PMJuv21_02,G04,Fin,PMJuv21_02 G04
P.juv_01785,Juvenile,PMJuv21_02,G05,Fin,PMJuv21_02 G05
P.juv_01786,Juvenile,PMJuv21_02,G06,Fin,PMJuv21_02 G06
P.juv_01787,Juvenile,PMJuv21_02,G07,Fin,PMJuv21_02 G07
P.juv_01788,Juvenile,PMJuv21_02,G08,Fin,PMJuv21_02 G08
P.juv_01789,Juvenile,PMJuv21_02,G09,Fin,PMJuv21_02 G09
P.juv_01790,Juvenile,PMJuv21_02,G10,Fin,PMJuv21_02 G10
P.juv_01791,Juvenile,PMJuv21_02,G11,Fin,PMJuv21_02 G11
P.juv_01792,Juvenile,PMJuv21_02,G12,Fin,PMJuv21_02 G12
P.juv_01793,Juvenile,PMJuv21_02,H01,Fin,PMJuv21_02 H01
P.juv_01794,Juvenile,PMJuv21_02,H02,Fin,PMJuv21_02 H02
P.juv_01795,Juvenile,PMJuv21_02,H03,Fin,PMJuv21_02 H03
P.juv_01796,Juvenile,PMJuv21_02,H04,Fin,PMJuv21_02 H04
P.juv_01797,Juvenile,PMJuv21_02,H05,Fin,PMJuv21_02 H05
P.juv_01798,Juvenile,PMJuv21_02,H06,Fin,PMJuv21_02 H06
P.juv_01799,Juvenile,PMJuv21_02,H07,Fin,PMJuv21_02 H07
P.juv_01800,Juvenile,PMJuv21_02,H08,Fin,PMJuv21_02 H08
P.juv_01801,Juvenile,PMJuv21_02,H09,Fin,PMJuv21_02 H09
P.juv_01802,Juvenile,PMJuv21_02,H10,Fin,PMJuv21_02 H10
P.juv_01803,Juvenile,PMJuv21_02,H11,Fin,PMJuv21_02 H11
P.juv_01804,Juvenile,PMJuv21_03,A01,Fin,PMJuv21_03 A01
P.juv_01805,Juvenile,PMJuv21_03,A02,Fin,PMJuv21_03 A02
P.juv_01806,Juvenile,PMJuv21_03,A03,Fin,PMJuv21_03 A03
P.juv_01807,Juvenile,PMJuv21_03,A04,Fin,PMJuv21_03 A04
P.juv_01808,Juvenile,PMJuv21_03,A05,Fin,PMJuv21_03 A05
P.juv_01809,Juvenile,PMJuv21_03,A06,Fin,PMJuv21_03 A06
P.juv_01810,Juvenile,PMJuv21_03,A07,Fin,PMJuv21_03 A07
P.juv_01811,Juvenile,PMJuv21_03,A08,Fin,PMJuv21_03 A08
P.juv_01812,Juvenile,PMJuv21_03,A09,Fin,PMJuv21_03 A09
P.juv_01813,Juvenile,PMJuv21_03,A10,Fin,PMJuv21_03 A10
P.juv_01814,Juvenile,PMJuv21_03,A11,Fin,PMJuv21_03 A11
P.juv_01815,Juvenile,PMJuv21_03,A12,Fin,PMJuv21_03 A12
P.juv_01816,Juvenile,PMJuv21_03,B01,Fin,PMJuv21_03 B01
P.juv_01817,Juvenile,PMJuv21_03,B02,Fin,PMJuv21_03 B02
Empty,NA,PMJuv21_03,B03,Nil,PMJuv21_03 B03
P.juv_01818,Juvenile,PMJuv21_03,B04,Fin,PMJuv21_03 B04
P.juv_01819,Juvenile,PMJuv21_03,B05,Fin,PMJuv21_03 B05
P.juv_01820,Juvenile,PMJuv21_03,B06,Fin,PMJuv21_03 B06
P.juv_01821,Juvenile,PMJuv21_03,B07,Fin,PMJuv21_03 B07
P.juv_01822,Juvenile,PMJuv21_03,B08,Fin,PMJuv21_03 B08
P.juv_01823,Juvenile,PMJuv21_03,B09,Fin,PMJuv21_03 B09
P.juv_01824,Juvenile,PMJuv21_03,B10,Fin,PMJuv21_03 B10
P.juv_01825,Juvenile,PMJuv21_03,B11,Fin,PMJuv21_03 B11
P.juv_01826,Juvenile,PMJuv21_03,B12,Fin,PMJuv21_03 B12
P.juv_01827,Juvenile,PMJuv21_03,C01,Fin,PMJuv21_03 C01
P.juv_01828,Juvenile,PMJuv21_03,C02,Fin,PMJuv21_03 C02
P.juv_01829,Juvenile,PMJuv21_03,C03,Fin,PMJuv21_03 C03
P.juv_01830,Juvenile,PMJuv21_03,C04,Fin,PMJuv21_03 C04
P.juv_01831,Juvenile,PMJuv21_03,C05,Fin,PMJuv21_03 C05
P.juv_01832,Juvenile,PMJuv21_03,C06,Fin,PMJuv21_03 C06
P.juv_01833,Juvenile,PMJuv21_03,C07,Fin,PMJuv21_03 C07
P.juv_01834,Juvenile,PMJuv21_03,C08,Fin,PMJuv21_03 C08
P.juv_01835,Juvenile,PMJuv21_03,C09,Fin,PMJuv21_03 C09
P.juv_01836,Juvenile,PMJuv21_03,C10,Fin,PMJuv21_03 C10
P.juv_01837,Juvenile,PMJuv21_03,C11,Fin,PMJuv21_03 C11
P.juv_01838,Juvenile,PMJuv21_03,C12,Fin,PMJuv21_03 C12
P.juv_01839,Juvenile,PMJuv21_03,D01,Fin,PMJuv21_03 D01
P.juv_01840,Juvenile,PMJuv21_03,D02,Fin,PMJuv21_03 D02
P.juv_01841,Juvenile,PMJuv21_03,D03,Fin,PMJuv21_03 D03
P.juv_01842,Juvenile,PMJuv21_03,D04,Fin,PMJuv21_03 D04
P.juv_01843,Juvenile,PMJuv21_03,D05,Fin,PMJuv21_03 D05
P.juv_01844,Juvenile,PMJuv21_03,D06,Fin,PMJuv21_03 D06
P.juv_01845,Juvenile,PMJuv21_03,D07,Fin,PMJuv21_03 D07
P.juv_01846,Juvenile,PMJuv21_03,D08,Fin,PMJuv21_03 D08
P.juv_01847,Juvenile,PMJuv21_03,D09,Fin,PMJuv21_03 D09
P.juv_01848,Juvenile,PMJuv21_03,D10,Fin,PMJuv21_03 D10
P.juv_01849,Juvenile,PMJuv21_03,D11,Fin,PMJuv21_03 D11
P.juv_01850,Juvenile,PMJuv21_03,D12,Fin,PMJuv21_03 D12
P.juv_01851,Juvenile,PMJuv21_03,E01,Fin,PMJuv21_03 E01
P.juv_01852,Juvenile,PMJuv21_03,E02,Fin,PMJuv21_03 E02
P.juv_01853,Juvenile,PMJuv21_03,E03,Fin,PMJuv21_03 E03
P.juv_01854,Juvenile,PMJuv21_03,E04,Fin,PMJuv21_03 E04
P.juv_01855,Juvenile,PMJuv21_03,E05,Fin,PMJuv21_03 E05
P.juv_01856,Juvenile,PMJuv21_03,E06,Fin,PMJuv21_03 E06
P.juv_01857,Juvenile,PMJuv21_03,E07,Fin,PMJuv21_03 E07
P.juv_01858,Juvenile,PMJuv21_03,E08,Fin,PMJuv21_03 E08
P.juv_01859,Juvenile,PMJuv21_03,E09,Fin,PMJuv21_03 E09
P.juv_01860,Juvenile,PMJuv21_03,E10,Fin,PMJuv21_03 E10
P.juv_01861,Juvenile,PMJuv21_03,E11,Fin,PMJuv21_03 E11
P.juv_01862,Juvenile,PMJuv21_03,E12,Fin,PMJuv21_03 E12
P.juv_01863,Juvenile,PMJuv21_03,F01,Fin,PMJuv21_03 F01
P.juv_01864,Juvenile,PMJuv21_03,F02,Fin,PMJuv21_03 F02
P.juv_01865,Juvenile,PMJuv21_03,F03,Fin,PMJuv21_03 F03
P.juv_01866,Juvenile,PMJuv21_03,F04,Fin,PMJuv21_03 F04
P.juv_01867,Juvenile,PMJuv21_03,F05,Fin,PMJuv21_03 F05
P.juv_01868,Juvenile,PMJuv21_03,F06,Fin,PMJuv21_03 F06
P.juv_01869,Juvenile,PMJuv21_03,F07,Fin,PMJuv21_03 F07
P.juv_01870,Juvenile,PMJuv21_03,F08,Fin,PMJuv21_03 F08
P.juv_01871,Juvenile,PMJuv21_03,F09,Fin,PMJuv21_03 F09
P.juv_01872,Juvenile,PMJuv21_03,F10,Fin,PMJuv21_03 F10
P.juv_01873,Juvenile,PMJuv21_03,F11,Fin,PMJuv21_03 F11
P.juv_01874,Juvenile,PMJuv21_03,F12,Fin,PMJuv21_03 F12
P.juv_01875,Juvenile,PMJuv21_03,G01,Fin,PMJuv21_03 G01
P.juv_01876,Juvenile,PMJuv21_03,G02,Fin,PMJuv21_03 G02
P.juv_01877,Juvenile,PMJuv21_03,G03,Fin,PMJuv21_03 G03
P.juv_01878,Juvenile,PMJuv21_03,G04,Fin,PMJuv21_03 G04
P.juv_01879,Juvenile,PMJuv21_03,G05,Fin,PMJuv21_03 G05
P.juv_01880,Juvenile,PMJuv21_03,G06,Fin,PMJuv21_03 G06
P.juv_01881,Juvenile,PMJuv21_03,G07,Fin,PMJuv21_03 G07
P.juv_01882,Juvenile,PMJuv21_03,G08,Fin,PMJuv21_03 G08
P.juv_01883,Juvenile,PMJuv21_03,G09,Fin,PMJuv21_03 G09
P.juv_01884,Juvenile,PMJuv21_03,G10,Fin,PMJuv21_03 G10
P.juv_01885,Juvenile,PMJuv21_03,G11,Fin,PMJuv21_03 G11
P.juv_01886,Juvenile,PMJuv21_03,G12,Fin,PMJuv21_03 G12
P.juv_01887,Juvenile,PMJuv21_03,H01,Fin,PMJuv21_03 H01
P.juv_01888,Juvenile,PMJuv21_03,H02,Fin,PMJuv21_03 H02
P.juv_01889,Juvenile,PMJuv21_03,H03,Fin,PMJuv21_03 H03
P.juv_01890,Juvenile,PMJuv21_03,H04,Fin,PMJuv21_03 H04
P.juv_01891,Juvenile,PMJuv21_03,H05,Fin,PMJuv21_03 H05
P.juv_01892,Juvenile,PMJuv21_03,H06,Fin,PMJuv21_03 H06
P.juv_01893,Juvenile,PMJuv21_03,H07,Fin,PMJuv21_03 H07
P.juv_01894,Juvenile,PMJuv21_03,H08,Fin,PMJuv21_03 H08
P.juv_01895,Juvenile,PMJuv21_03,H09,Fin,PMJuv21_03 H09
P.juv_01896,Juvenile,PMJuv21_03,H10,Fin,PMJuv21_03 H10
P.juv_01897,Juvenile,PMJuv21_03,H11,Fin,PMJuv21_03 H11
P.juv_01898,Juvenile,PMJuv21_04,A01,Fin,PMJuv21_04 A01
P.juv_01899,Juvenile,PMJuv21_04,A02,Fin,PMJuv21_04 A02
P.juv_01900,Juvenile,PMJuv21_04,A03,Fin,PMJuv21_04 A03
P.juv_01901,Juvenile,PMJuv21_04,A04,Fin,PMJuv21_04 A04
P.juv_01902,Juvenile,PMJuv21_04,A05,Fin,PMJuv21_04 A05
P.juv_01903,Juvenile,PMJuv21_04,A06,Fin,PMJuv21_04 A06
P.juv_01904,Juvenile,PMJuv21_04,A07,Fin,PMJuv21_04 A07
P.juv_01905,Juvenile,PMJuv21_04,A08,Fin,PMJuv21_04 A08
P.juv_01906,Juvenile,PMJuv21_04,A09,Fin,PMJuv21_04 A09
P.juv_01907,Juvenile,PMJuv21_04,A10,Fin,PMJuv21_04 A10
P.juv_01908,Juvenile,PMJuv21_04,A11,Fin,PMJuv21_04 A11
P.juv_01909,Juvenile,PMJuv21_04,A12,Fin,PMJuv21_04 A12
P.juv_01910,Juvenile,PMJuv21_04,B01,Fin,PMJuv21_04 B01
P.juv_01911,Juvenile,PMJuv21_04,B02,Fin,PMJuv21_04 B02
P.juv_01912,Juvenile,PMJuv21_04,B03,Fin,PMJuv21_04 B03
Empty,NA,PMJuv21_04,B04,Nil,PMJuv21_04 B04
P.juv_01913,Juvenile,PMJuv21_04,B05,Fin,PMJuv21_04 B05
P.juv_01914,Juvenile,PMJuv21_04,B06,Fin,PMJuv21_04 B06
P.juv_01915,Juvenile,PMJuv21_04,B07,Fin,PMJuv21_04 B07
P.juv_01916,Juvenile,PMJuv21_04,B08,Fin,PMJuv21_04 B08
P.juv_01917,Juvenile,PMJuv21_04,B09,Fin,PMJuv21_04 B09
P.juv_01918,Juvenile,PMJuv21_04,B10,Fin,PMJuv21_04 B10
P.juv_01919,Juvenile,PMJuv21_04,B11,Fin,PMJuv21_04 B11
P.juv_01920,Juvenile,PMJuv21_04,B12,Fin,PMJuv21_04 B12
P.juv_01921,Juvenile,PMJuv21_04,C01,Fin,PMJuv21_04 C01
P.juv_01922,Juvenile,PMJuv21_04,C02,Fin,PMJuv21_04 C02
P.juv_01923,Juvenile,PMJuv21_04,C03,Fin,PMJuv21_04 C03
P.juv_01924,Juvenile,PMJuv21_04,C04,Fin,PMJuv21_04 C04
P.juv_01925,Juvenile,PMJuv21_04,C05,Fin,PMJuv21_04 C05
P.juv_01926,Juvenile,PMJuv21_04,C06,Fin,PMJuv21_04 C06
P.juv_01927,Juvenile,PMJuv21_04,C07,Fin,PMJuv21_04 C07
P.juv_01928,Juvenile,PMJuv21_04,C08,Fin,PMJuv21_04 C08
P.juv_01929,Juvenile,PMJuv21_04,C09,Fin,PMJuv21_04 C09
P.juv_01930,Juvenile,PMJuv21_04,C10,Fin,PMJuv21_04 C10
P.juv_01931,Juvenile,PMJuv21_04,C11,Fin,PMJuv21_04 C11
P.juv_01932,Juvenile,PMJuv21_04,C12,Fin,PMJuv21_04 C12
P.juv_01933,Juvenile,PMJuv21_04,D01,Fin,PMJuv21_04 D01
P.juv_01934,Juvenile,PMJuv21_04,D02,Fin,PMJuv21_04 D02
P.juv_01935,Juvenile,PMJuv21_04,D03,Fin,PMJuv21_04 D03
P.juv_01936,Juvenile,PMJuv21_04,D04,Fin,PMJuv21_04 D04
P.juv_01937,Juvenile,PMJuv21_04,D05,Fin,PMJuv21_04 D05
P.juv_01938,Juvenile,PMJuv21_04,D06,Fin,PMJuv21_04 D06
P.juv_01939,Juvenile,PMJuv21_04,D07,Fin,PMJuv21_04 D07
P.juv_01940,Juvenile,PMJuv21_04,D08,Fin,PMJuv21_04 D08
P.juv_01941,Juvenile,PMJuv21_04,D09,Fin,PMJuv21_04 D09
P.juv_01942,Juvenile,PMJuv21_04,D10,Fin,PMJuv21_04 D10
P.juv_01943,Juvenile,PMJuv21_04,D11,Fin,PMJuv21_04 D11
P.juv_01944,Juvenile,PMJuv21_04,D12,Fin,PMJuv21_04 D12
P.juv_01945,Juvenile,PMJuv21_04,E01,Fin,PMJuv21_04 E01
P.juv_01946,Juvenile,PMJuv21_04,E02,Fin,PMJuv21_04 E02
P.juv_01947,Juvenile,PMJuv21_04,E03,Fin,PMJuv21_04 E03
P.juv_01948,Juvenile,PMJuv21_04,E04,Fin,PMJuv21_04 E04
P.juv_01949,Juvenile,PMJuv21_04,E05,Fin,PMJuv21_04 E05
P.juv_01950,Juvenile,PMJuv21_04,E06,Fin,PMJuv21_04 E06
P.juv_01951,Juvenile,PMJuv21_04,E07,Fin,PMJuv21_04 E07
P.juv_01952,Juvenile,PMJuv21_04,E08,Fin,PMJuv21_04 E08
P.juv_01953,Juvenile,PMJuv21_04,E09,Fin,PMJuv21_04 E09
P.juv_01954,Juvenile,PMJuv21_04,E10,Fin,PMJuv21_04 E10
P.juv_01955,Juvenile,PMJuv21_04,E11,Fin,PMJuv21_04 E11
P.juv_01956,Juvenile,PMJuv21_04,E12,Fin,PMJuv21_04 E12
P.juv_01957,Juvenile,PMJuv21_04,F01,Fin,PMJuv21_04 F01
P.juv_01958,Juvenile,PMJuv21_04,F02,Fin,PMJuv21_04 F02
P.juv_01959,Juvenile,PMJuv21_04,F03,Fin,PMJuv21_04 F03
P.juv_01960,Juvenile,PMJuv21_04,F04,Fin,PMJuv21_04 F04
P.juv_01961,Juvenile,PMJuv21_04,F05,Fin,PMJuv21_04 F05
P.juv_01962,Juvenile,PMJuv21_04,F06,Fin,PMJuv21_04 F06
P.juv_01963,Juvenile,PMJuv21_04,F07,Fin,PMJuv21_04 F07
P.juv_01964,Juvenile,PMJuv21_04,F08,Fin,PMJuv21_04 F08
P.juv_01965,Juvenile,PMJuv21_04,F09,Fin,PMJuv21_04 F09
P.juv_01966,Juvenile,PMJuv21_04,F10,Fin,PMJuv21_04 F10
P.juv_01967,Juvenile,PMJuv21_04,F11,Fin,PMJuv21_04 F11
P.juv_01968,Juvenile,PMJuv21_04,F12,Fin,PMJuv21_04 F12
P.juv_01969,Juvenile,PMJuv21_04,G01,Fin,PMJuv21_04 G01
P.juv_01970,Juvenile,PMJuv21_04,G02,Fin,PMJuv21_04 G02
P.juv_01971,Juvenile,PMJuv21_04,G03,Fin,PMJuv21_04 G03
P.juv_01972,Juvenile,PMJuv21_04,G04,Fin,PMJuv21_04 G04
P.juv_01973,Juvenile,PMJuv21_04,G05,Fin,PMJuv21_04 G05
P.juv_01974,Juvenile,PMJuv21_04,G06,Fin,PMJuv21_04 G06
P.juv_01975,Juvenile,PMJuv21_04,G07,Fin,PMJuv21_04 G07
P.juv_01976,Juvenile,PMJuv21_04,G08,Fin,PMJuv21_04 G08
P.juv_01977,Juvenile,PMJuv21_04,G09,Fin,PMJuv21_04 G09
P.juv_01978,Juvenile,PMJuv21_04,G10,Fin,PMJuv21_04 G10
P.juv_01979,Juvenile,PMJuv21_04,G11,Fin,PMJuv21_04 G11
P.juv_01980,Juvenile,PMJuv21_04,G12,Fin,PMJuv21_04 G12
P.juv_01981,Juvenile,PMJuv21_04,H01,Fin,PMJuv21_04 H01
P.juv_01982,Juvenile,PMJuv21_04,H02,Fin,PMJuv21_04 H02
P.juv_01983,Juvenile,PMJuv21_04,H03,Fin,PMJuv21_04 H03
P.juv_01984,Juvenile,PMJuv21_04,H04,Fin,PMJuv21_04 H04
P.juv_01985,Juvenile,PMJuv21_04,H05,Fin,PMJuv21_04 H05
P.juv_01986,Juvenile,PMJuv21_04,H06,Fin,PMJuv21_04 H06
P.juv_01987,Juvenile,PMJuv21_04,H07,Fin,PMJuv21_04 H07
P.juv_01988,Juvenile,PMJuv21_04,H08,Fin,PMJuv21_04 H08
P.juv_01989,Juvenile,PMJuv21_04,H09,Fin,PMJuv21_04 H09
P.juv_01990,Juvenile,PMJuv21_04,H10,Fin,PMJuv21_04 H10
P.juv_01991,Juvenile,PMJuv21_04,H11,Fin,PMJuv21_04 H11
P.juv_01992,Juvenile,PMJuv21_05,A01,Fin,PMJuv21_05 A01
P.juv_01993,Juvenile,PMJuv21_05,A02,Fin,PMJuv21_05 A02
P.juv_01994,Juvenile,PMJuv21_05,A03,Fin,PMJuv21_05 A03
P.juv_01995,Juvenile,PMJuv21_05,A04,Fin,PMJuv21_05 A04
P.juv_01996,Juvenile,PMJuv21_05,A05,Fin,PMJuv21_05 A05
P.juv_01997,Juvenile,PMJuv21_05,A06,Fin,PMJuv21_05 A06
P.juv_01998,Juvenile,PMJuv21_05,A07,Fin,PMJuv21_05 A07
P.juv_01999,Juvenile,PMJuv21_05,A08,Fin,PMJuv21_05 A08
P.juv_02000,Juvenile,PMJuv21_05,A09,Fin,PMJuv21_05 A09
P.juv_02001,Juvenile,PMJuv21_05,A10,Fin,PMJuv21_05 A10
P.juv_02002,Juvenile,PMJuv21_05,A11,Fin,PMJuv21_05 A11
P.juv_02003,Juvenile,PMJuv21_05,A12,Fin,PMJuv21_05 A12
P.juv_02004,Juvenile,PMJuv21_05,B01,Fin,PMJuv21_05 B01
P.juv_02005,Juvenile,PMJuv21_05,B02,Fin,PMJuv21_05 B02
P.juv_02006,Juvenile,PMJuv21_05,B03,Fin,PMJuv21_05 B03
P.juv_02007,Juvenile,PMJuv21_05,B04,Fin,PMJuv21_05 B04
Empty,NA,PMJuv21_05,B05,Nil,PMJuv21_05 B05
P.juv_02008,Juvenile,PMJuv21_05,B06,Fin,PMJuv21_05 B06
P.juv_02009,Juvenile,PMJuv21_05,B07,Fin,PMJuv21_05 B07
P.juv_02010,Juvenile,PMJuv21_05,B08,Fin,PMJuv21_05 B08
P.juv_02011,Juvenile,PMJuv21_05,B09,Fin,PMJuv21_05 B09
P.juv_02012,Juvenile,PMJuv21_05,B10,Fin,PMJuv21_05 B10
P.juv_02013,Juvenile,PMJuv21_05,B11,Fin,PMJuv21_05 B11
P.juv_02014,Juvenile,PMJuv21_05,B12,Fin,PMJuv21_05 B12
P.juv_02015,Juvenile,PMJuv21_05,C01,Fin,PMJuv21_05 C01
P.juv_02016,Juvenile,PMJuv21_05,C02,Fin,PMJuv21_05 C02
P.juv_02017,Juvenile,PMJuv21_05,C03,Fin,PMJuv21_05 C03
P.juv_02018,Juvenile,PMJuv21_05,C04,Fin,PMJuv21_05 C04
P.juv_02019,Juvenile,PMJuv21_05,C05,Fin,PMJuv21_05 C05
P.juv_02020,Juvenile,PMJuv21_05,C06,Fin,PMJuv21_05 C06
P.juv_02021,Juvenile,PMJuv21_05,C07,Fin,PMJuv21_05 C07
P.juv_02022,Juvenile,PMJuv21_05,C08,Fin,PMJuv21_05 C08
P.juv_02023,Juvenile,PMJuv21_05,C09,Fin,PMJuv21_05 C09
P.juv_02024,Juvenile,PMJuv21_05,C10,Fin,PMJuv21_05 C10
P.juv_02025,Juvenile,PMJuv21_05,C11,Fin,PMJuv21_05 C11
P.juv_02026,Juvenile,PMJuv21_05,C12,Fin,PMJuv21_05 C12
P.juv_02027,Juvenile,PMJuv21_05,D01,Fin,PMJuv21_05 D01
P.juv_02028,Juvenile,PMJuv21_05,D02,Fin,PMJuv21_05 D02
P.juv_02029,Juvenile,PMJuv21_05,D03,Fin,PMJuv21_05 D03
P.juv_02030,Juvenile,PMJuv21_05,D04,Fin,PMJuv21_05 D04
P.juv_02031,Juvenile,PMJuv21_05,D05,Fin,PMJuv21_05 D05
P.juv_02032,Juvenile,PMJuv21_05,D06,Fin,PMJuv21_05 D06
P.juv_02033,Juvenile,PMJuv21_05,D07,Fin,PMJuv21_05 D07
P.juv_02034,Juvenile,PMJuv21_05,D08,Fin,PMJuv21_05 D08
P.juv_02035,Juvenile,PMJuv21_05,D09,Fin,PMJuv21_05 D09
P.juv_02036,Juvenile,PMJuv21_05,D10,Fin,PMJuv21_05 D10
P.juv_02037,Juvenile,PMJuv21_05,D11,Fin,PMJuv21_05 D11
P.juv_02038,Juvenile,PMJuv21_05,D12,Fin,PMJuv21_05 D12
P.juv_02039,Juvenile,PMJuv21_05,E01,Fin,PMJuv21_05 E01
P.juv_02040,Juvenile,PMJuv21_05,E02,Fin,PMJuv21_05 E02
P.juv_02041,Juvenile,PMJuv21_05,E03,Fin,PMJuv21_05 E03
P.juv_02042,Juvenile,PMJuv21_05,E04,Fin,PMJuv21_05 E04
P.juv_02043,Juvenile,PMJuv21_05,E05,Fin,PMJuv21_05 E05
P.juv_02044,Juvenile,PMJuv21_05,E06,Fin,PMJuv21_05 E06
P.juv_02045,Juvenile,PMJuv21_05,E07,Fin,PMJuv21_05 E07
P.juv_02046,Juvenile,PMJuv21_05,E08,Fin,PMJuv21_05 E08
P.juv_02047,Juvenile,PMJuv21_05,E09,Fin,PMJuv21_05 E09
P.juv_02048,Juvenile,PMJuv21_05,E10,Fin,PMJuv21_05 E10
P.juv_02049,Juvenile,PMJuv21_05,E11,Fin,PMJuv21_05 E11
P.juv_02050,Juvenile,PMJuv21_05,E12,Fin,PMJuv21_05 E12
P.juv_02051,Juvenile,PMJuv21_05,F01,Fin,PMJuv21_05 F01
P.juv_02052,Juvenile,PMJuv21_05,F02,Fin,PMJuv21_05 F02
P.juv_02053,Juvenile,PMJuv21_05,F03,Fin,PMJuv21_05 F03
P.juv_02054,Juvenile,PMJuv21_05,F04,Fin,PMJuv21_05 F04
P.juv_02055,Juvenile,PMJuv21_05,F05,Fin,PMJuv21_05 F05
P.juv_02056,Juvenile,PMJuv21_05,F06,Fin,PMJuv21_05 F06
P.juv_02057,Juvenile,PMJuv21_05,F07,Fin,PMJuv21_05 F07
P.juv_02058,Juvenile,PMJuv21_05,F08,Fin,PMJuv21_05 F08
P.juv_02059,Juvenile,PMJuv21_05,F09,Fin,PMJuv21_05 F09
P.juv_02060,Juvenile,PMJuv21_05,F10,Fin,PMJuv21_05 F10
P.juv_02061,Juvenile,PMJuv21_05,F11,Fin,PMJuv21_05 F11
P.juv_02062,Juvenile,PMJuv21_05,F12,Fin,PMJuv21_05 F12
P.juv_02063,Juvenile,PMJuv21_05,G01,Fin,PMJuv21_05 G01
P.juv_02064,Juvenile,PMJuv21_05,G02,Fin,PMJuv21_05 G02
P.juv_02065,Juvenile,PMJuv21_05,G03,Fin,PMJuv21_05 G03
P.juv_02066,Juvenile,PMJuv21_05,G04,Fin,PMJuv21_05 G04
P.juv_02067,Juvenile,PMJuv21_05,G05,Fin,PMJuv21_05 G05
P.juv_02068,Juvenile,PMJuv21_05,G06,Fin,PMJuv21_05 G06
P.juv_02069,Juvenile,PMJuv21_05,G07,Fin,PMJuv21_05 G07
P.juv_02070,Juvenile,PMJuv21_05,G08,Fin,PMJuv21_05 G08
P.juv_02071,Juvenile,PMJuv21_05,G09,Fin,PMJuv21_05 G09
P.juv_02072,Juvenile,PMJuv21_05,G10,Fin,PMJuv21_05 G10
P.juv_02073,Juvenile,PMJuv21_05,G11,Fin,PMJuv21_05 G11
P.juv_02074,Juvenile,PMJuv21_05,G12,Fin,PMJuv21_05 G12
P.juv_02075,Juvenile,PMJuv21_05,H01,Fin,PMJuv21_05 H01
P.juv_02076,Juvenile,PMJuv21_05,H02,Fin,PMJuv21_05 H02
P.juv_02077,Juvenile,PMJuv21_05,H03,Fin,PMJuv21_05 H03
P.juv_02078,Juvenile,PMJuv21_05,H04,Fin,PMJuv21_05 H04
P.juv_02079,Juvenile,PMJuv21_05,H05,Fin,PMJuv21_05 H05
P.juv_02080,Juvenile,PMJuv21_05,H06,Fin,PMJuv21_05 H06
P.juv_02081,Juvenile,PMJuv21_05,H07,Fin,PMJuv21_05 H07
P.juv_02082,Juvenile,PMJuv21_05,H08,Fin,PMJuv21_05 H08
P.juv_02083,Juvenile,PMJuv21_05,H09,Fin,PMJuv21_05 H09
P.juv_02084,Juvenile,PMJuv21_05,H10,Fin,PMJuv21_05 H10
P.juv_02085,Juvenile,PMJuv21_05,H11,Fin,PMJuv21_05 H11
P.juv_02086,Juvenile,PMJuv21_06,A01,Fin,PMJuv21_06 A01
P.juv_02087,Juvenile,PMJuv21_06,A02,Fin,PMJuv21_06 A02
P.juv_02088,Juvenile,PMJuv21_06,A03,Fin,PMJuv21_06 A03
P.juv_02089,Juvenile,PMJuv21_06,A04,Fin,PMJuv21_06 A04
P.juv_02090,Juvenile,PMJuv21_06,A05,Fin,PMJuv21_06 A05
P.juv_02091,Juvenile,PMJuv21_06,A06,Fin,PMJuv21_06 A06
P.juv_02092,Juvenile,PMJuv21_06,A07,Fin,PMJuv21_06 A07
P.juv_02093,Juvenile,PMJuv21_06,A08,Fin,PMJuv21_06 A08
P.juv_02094,Juvenile,PMJuv21_06,A09,Fin,PMJuv21_06 A09
P.juv_02095,Juvenile,PMJuv21_06,A10,Fin,PMJuv21_06 A10
P.juv_02096,Juvenile,PMJuv21_06,A11,Fin,PMJuv21_06 A11
P.juv_02097,Juvenile,PMJuv21_06,A12,Fin,PMJuv21_06 A12
P.juv_02098,Juvenile,PMJuv21_06,B01,Fin,PMJuv21_06 B01
P.juv_02099,Juvenile,PMJuv21_06,B02,Fin,PMJuv21_06 B02
P.juv_02100,Juvenile,PMJuv21_06,B03,Fin,PMJuv21_06 B03
P.juv_02101,Juvenile,PMJuv21_06,B04,Fin,PMJuv21_06 B04
P.juv_02102,Juvenile,PMJuv21_06,B05,Fin,PMJuv21_06 B05
Empty,NA,PMJuv21_06,B06,Nil,PMJuv21_06 B06
P.juv_02103,Juvenile,PMJuv21_06,B07,Fin,PMJuv21_06 B07
P.juv_02104,Juvenile,PMJuv21_06,B08,Fin,PMJuv21_06 B08
P.juv_02105,Juvenile,PMJuv21_06,B09,Fin,PMJuv21_06 B09
P.juv_02106,Juvenile,PMJuv21_06,B10,Fin,PMJuv21_06 B10
P.juv_02107,Juvenile,PMJuv21_06,B11,Fin,PMJuv21_06 B11
P.juv_02108,Juvenile,PMJuv21_06,B12,Fin,PMJuv21_06 B12
P.juv_02109,Juvenile,PMJuv21_06,C01,Fin,PMJuv21_06 C01
P.juv_02110,Juvenile,PMJuv21_06,C02,Fin,PMJuv21_06 C02
P.juv_02111,Juvenile,PMJuv21_06,C03,Fin,PMJuv21_06 C03
P.juv_02112,Juvenile,PMJuv21_06,C04,Fin,PMJuv21_06 C04
P.juv_02113,Juvenile,PMJuv21_06,C05,Fin,PMJuv21_06 C05
P.juv_02114,Juvenile,PMJuv21_06,C06,Fin,PMJuv21_06 C06
P.juv_02115,Juvenile,PMJuv21_06,C07,Fin,PMJuv21_06 C07
P.juv_02116,Juvenile,PMJuv21_06,C08,Fin,PMJuv21_06 C08
P.juv_02117,Juvenile,PMJuv21_06,C09,Fin,PMJuv21_06 C09
P.juv_02118,Juvenile,PMJuv21_06,C10,Fin,PMJuv21_06 C10
P.juv_02119,Juvenile,PMJuv21_06,C11,Fin,PMJuv21_06 C11
P.juv_02120,Juvenile,PMJuv21_06,C12,Fin,PMJuv21_06 C12
P.juv_02121,Juvenile,PMJuv21_06,D01,Fin,PMJuv21_06 D01
P.juv_02122,Juvenile,PMJuv21_06,D02,Fin,PMJuv21_06 D02
P.juv_02123,Juvenile,PMJuv21_06,D03,Fin,PMJuv21_06 D03
P.juv_02124,Juvenile,PMJuv21_06,D04,Fin,PMJuv21_06 D04
P.juv_02125,Juvenile,PMJuv21_06,D05,Fin,PMJuv21_06 D05
P.juv_02126,Juvenile,PMJuv21_06,D06,Fin,PMJuv21_06 D06
P.juv_02127,Juvenile,PMJuv21_06,D07,Fin,PMJuv21_06 D07
P.juv_02128,Juvenile,PMJuv21_06,D08,Fin,PMJuv21_06 D08
P.juv_02129,Juvenile,PMJuv21_06,D09,Fin,PMJuv21_06 D09
P.juv_02130,Juvenile,PMJuv21_06,D10,Fin,PMJuv21_06 D10
P.juv_02131,Juvenile,PMJuv21_06,D11,Fin,PMJuv21_06 D11
P.juv_02132,Juvenile,PMJuv21_06,D12,Fin,PMJuv21_06 D12
P.juv_02133,Juvenile,PMJuv21_06,E01,Fin,PMJuv21_06 E01
P.juv_02134,Juvenile,PMJuv21_06,E02,Fin,PMJuv21_06 E02
P.juv_02135,Juvenile,PMJuv21_06,E03,Fin,PMJuv21_06 E03
P.juv_02136,Juvenile,PMJuv21_06,E04,Fin,PMJuv21_06 E04
P.juv_02137,Juvenile,PMJuv21_06,E05,Fin,PMJuv21_06 E05
P.juv_02138,Juvenile,PMJuv21_06,E06,Fin,PMJuv21_06 E06
P.juv_02139,Juvenile,PMJuv21_06,E07,Fin,PMJuv21_06 E07
P.juv_02140,Juvenile,PMJuv21_06,E08,Fin,PMJuv21_06 E08
P.juv_02141,Juvenile,PMJuv21_06,E09,Fin,PMJuv21_06 E09
P.juv_02142,Juvenile,PMJuv21_06,E10,Fin,PMJuv21_06 E10
P.juv_02143,Juvenile,PMJuv21_06,E11,Fin,PMJuv21_06 E11
P.juv_02144,Juvenile,PMJuv21_06,E12,Fin,PMJuv21_06 E12
P.juv_02145,Juvenile,PMJuv21_06,F01,Fin,PMJuv21_06 F01
P.juv_02146,Juvenile,PMJuv21_06,F02,Fin,PMJuv21_06 F02
P.juv_02147,Juvenile,PMJuv21_06,F03,Fin,PMJuv21_06 F03
P.juv_02148,Juvenile,PMJuv21_06,F04,Fin,PMJuv21_06 F04
P.juv_02149,Juvenile,PMJuv21_06,F05,Fin,PMJuv21_06 F05
P.juv_02150,Juvenile,PMJuv21_06,F06,Fin,PMJuv21_06 F06
P.juv_02151,Juvenile,PMJuv21_06,F07,Fin,PMJuv21_06 F07
P.juv_02152,Juvenile,PMJuv21_06,F08,Fin,PMJuv21_06 F08
P.juv_02153,Juvenile,PMJuv21_06,F09,Fin,PMJuv21_06 F09
P.juv_02154,Juvenile,PMJuv21_06,F10,Fin,PMJuv21_06 F10
P.juv_02155,Juvenile,PMJuv21_06,F11,Fin,PMJuv21_06 F11
P.juv_02156,Juvenile,PMJuv21_06,F12,Fin,PMJuv21_06 F12
P.juv_02157,Juvenile,PMJuv21_06,G01,Fin,PMJuv21_06 G01
P.juv_02158,Juvenile,PMJuv21_06,G02,Fin,PMJuv21_06 G02
P.juv_02159,Juvenile,PMJuv21_06,G03,Fin,PMJuv21_06 G03
P.juv_02160,Juvenile,PMJuv21_06,G04,Fin,PMJuv21_06 G04
P.juv_02161,Juvenile,PMJuv21_06,G05,Fin,PMJuv21_06 G05
P.juv_02162,Juvenile,PMJuv21_06,G06,Fin,PMJuv21_06 G06
P.juv_02163,Juvenile,PMJuv21_06,G07,Fin,PMJuv21_06 G07
P.juv_02164,Juvenile,PMJuv21_06,G08,Fin,PMJuv21_06 G08
P.juv_02165,Juvenile,PMJuv21_06,G09,Fin,PMJuv21_06 G09
P.juv_02166,Juvenile,PMJuv21_06,G10,Fin,PMJuv21_06 G10
P.juv_02167,Juvenile,PMJuv21_06,G11,Fin,PMJuv21_06 G11
P.juv_02168,Juvenile,PMJuv21_06,G12,Fin,PMJuv21_06 G12
P.juv_02169,Juvenile,PMJuv21_06,H01,Fin,PMJuv21_06 H01
P.juv_02170,Juvenile,PMJuv21_06,H02,Fin,PMJuv21_06 H02
P.juv_02171,Juvenile,PMJuv21_06,H03,Fin,PMJuv21_06 H03
P.juv_02172,Juvenile,PMJuv21_06,H04,Fin,PMJuv21_06 H04
P.juv_02173,Juvenile,PMJuv21_06,H05,Fin,PMJuv21_06 H05
P.juv_02174,Juvenile,PMJuv21_06,H06,Fin,PMJuv21_06 H06
P.juv_02175,Juvenile,PMJuv21_06,H07,Fin,PMJuv21_06 H07
P.juv_02176,Juvenile,PMJuv21_06,H08,Fin,PMJuv21_06 H08
P.juv_02177,Juvenile,PMJuv21_06,H09,Fin,PMJuv21_06 H09
P.juv_02178,Juvenile,PMJuv21_06,H10,Fin,PMJuv21_06 H10
P.juv_02179,Juvenile,PMJuv21_06,H11,Fin,PMJuv21_06 H11
P.juv_02180,Juvenile,PMJuv21_07,A01,Fin,PMJuv21_07 A01
P.juv_02181,Juvenile,PMJuv21_07,A02,Fin,PMJuv21_07 A02
P.juv_02182,Juvenile,PMJuv21_07,A03,Fin,PMJuv21_07 A03
P.juv_02183,Juvenile,PMJuv21_07,A04,Fin,PMJuv21_07 A04
P.juv_02184,Juvenile,PMJuv21_07,A05,Fin,PMJuv21_07 A05
P.juv_02185,Juvenile,PMJuv21_07,A06,Fin,PMJuv21_07 A06
P.juv_02186,Juvenile,PMJuv21_07,A07,Fin,PMJuv21_07 A07
P.juv_02187,Juvenile,PMJuv21_07,A08,Fin,PMJuv21_07 A08
P.juv_02188,Juvenile,PMJuv21_07,A09,Fin,PMJuv21_07 A09
P.juv_02189,Juvenile,PMJuv21_07,A10,Fin,PMJuv21_07 A10
P.juv_02190,Juvenile,PMJuv21_07,A11,Fin,PMJuv21_07 A11
P.juv_02191,Juvenile,PMJuv21_07,A12,Fin,PMJuv21_07 A12
P.juv_02192,Juvenile,PMJuv21_07,B01,Fin,PMJuv21_07 B01
P.juv_02193,Juvenile,PMJuv21_07,B02,Fin,PMJuv21_07 B02
P.juv_02194,Juvenile,PMJuv21_07,B03,Fin,PMJuv21_07 B03
P.juv_02195,Juvenile,PMJuv21_07,B04,Fin,PMJuv21_07 B04
P.juv_02196,Juvenile,PMJuv21_07,B05,Fin,PMJuv21_07 B05
P.juv_02197,Juvenile,PMJuv21_07,B06,Fin,PMJuv21_07 B06
Empty,NA,PMJuv21_07,B07,Nil,PMJuv21_07 B07
P.juv_02198,Juvenile,PMJuv21_07,B08,Fin,PMJuv21_07 B08
P.juv_02199,Juvenile,PMJuv21_07,B09,Fin,PMJuv21_07 B09
P.juv_02200,Juvenile,PMJuv21_07,B10,Fin,PMJuv21_07 B10
P.juv_02201,Juvenile,PMJuv21_07,B11,Fin,PMJuv21_07 B11
P.juv_02202,Juvenile,PMJuv21_07,B12,Fin,PMJuv21_07 B12
P.juv_02203,Juvenile,PMJuv21_07,C01,Fin,PMJuv21_07 C01
P.juv_02204,Juvenile,PMJuv21_07,C02,Fin,PMJuv21_07 C02
P.juv_02205,Juvenile,PMJuv21_07,C03,Fin,PMJuv21_07 C03
P.juv_02206,Juvenile,PMJuv21_07,C04,Fin,PMJuv21_07 C04
P.juv_02207,Juvenile,PMJuv21_07,C05,Fin,PMJuv21_07 C05
P.juv_02208,Juvenile,PMJuv21_07,C06,Fin,PMJuv21_07 C06
P.juv_02209,Juvenile,PMJuv21_07,C07,Fin,PMJuv21_07 C07
P.juv_02210,Juvenile,PMJuv21_07,C08,Fin,PMJuv21_07 C08
P.juv_02211,Juvenile,PMJuv21_07,C09,Fin,PMJuv21_07 C09
P.juv_02212,Juvenile,PMJuv21_07,C10,Fin,PMJuv21_07 C10
P.juv_02213,Juvenile,PMJuv21_07,C11,Fin,PMJuv21_07 C11
P.juv_02214,Juvenile,PMJuv21_07,C12,Fin,PMJuv21_07 C12
P.juv_02215,Juvenile,PMJuv21_07,D01,Fin,PMJuv21_07 D01
P.juv_02216,Juvenile,PMJuv21_07,D02,Fin,PMJuv21_07 D02
P.juv_02217,Juvenile,PMJuv21_07,D03,Fin,PMJuv21_07 D03
P.juv_02218,Juvenile,PMJuv21_07,D04,Fin,PMJuv21_07 D04
P.juv_02219,Juvenile,PMJuv21_07,D05,Fin,PMJuv21_07 D05
P.juv_02220,Juvenile,PMJuv21_07,D06,Fin,PMJuv21_07 D06
P.juv_02221,Juvenile,PMJuv21_07,D07,Fin,PMJuv21_07 D07
P.juv_02222,Juvenile,PMJuv21_07,D08,Fin,PMJuv21_07 D08
P.juv_02223,Juvenile,PMJuv21_07,D09,Fin,PMJuv21_07 D09
P.juv_02224,Juvenile,PMJuv21_07,D10,Fin,PMJuv21_07 D10
P.juv_02225,Juvenile,PMJuv21_07,D11,Fin,PMJuv21_07 D11
P.juv_02226,Juvenile,PMJuv21_07,D12,Fin,PMJuv21_07 D12
P.juv_02227,Juvenile,PMJuv21_07,E01,Fin,PMJuv21_07 E01
P.juv_02228,Juvenile,PMJuv21_07,E02,Fin,PMJuv21_07 E02
P.juv_02229,Juvenile,PMJuv21_07,E03,Fin,PMJuv21_07 E03
P.juv_02230,Juvenile,PMJuv21_07,E04,Fin,PMJuv21_07 E04
P.juv_02231,Juvenile,PMJuv21_07,E05,Fin,PMJuv21_07 E05
P.juv_02232,Juvenile,PMJuv21_07,E06,Fin,PMJuv21_07 E06
P.juv_02233,Juvenile,PMJuv21_07,E07,Fin,PMJuv21_07 E07
P.juv_02234,Juvenile,PMJuv21_07,E08,Fin,PMJuv21_07 E08
P.juv_02235,Juvenile,PMJuv21_07,E09,Fin,PMJuv21_07 E09
P.juv_02236,Juvenile,PMJuv21_07,E10,Fin,PMJuv21_07 E10
P.juv_02237,Juvenile,PMJuv21_07,E11,Fin,PMJuv21_07 E11
P.juv_02238,Juvenile,PMJuv21_07,E12,Fin,PMJuv21_07 E12
P.juv_02239,Juvenile,PMJuv21_07,F01,Fin,PMJuv21_07 F01
P.juv_02240,Juvenile,PMJuv21_07,F02,Fin,PMJuv21_07 F02
P.juv_02241,Juvenile,PMJuv21_07,F03,Fin,PMJuv21_07 F03
P.juv_02242,Juvenile,PMJuv21_07,F04,Fin,PMJuv21_07 F04
P.juv_02243,Juvenile,PMJuv21_07,F05,Fin,PMJuv21_07 F05
P.juv_02244,Juvenile,PMJuv21_07,F06,Fin,PMJuv21_07 F06
P.juv_02245,Juvenile,PMJuv21_07,F07,Fin,PMJuv21_07 F07
P.juv_02246,Juvenile,PMJuv21_07,F08,Fin,PMJuv21_07 F08
P.juv_02247,Juvenile,PMJuv21_07,F09,Fin,PMJuv21_07 F09
P.juv_02248,Juvenile,PMJuv21_07,F10,Fin,PMJuv21_07 F10
P.juv_02249,Juvenile,PMJuv21_07,F11,Fin,PMJuv21_07 F11
P.juv_02250,Juvenile,PMJuv21_07,F12,Fin,PMJuv21_07 F12
P.juv_02251,Juvenile,PMJuv21_07,G01,Fin,PMJuv21_07 G01
P.juv_02252,Juvenile,PMJuv21_07,G02,Fin,PMJuv21_07 G02
P.juv_02253,Juvenile,PMJuv21_07,G03,Fin,PMJuv21_07 G03
P.juv_02254,Juvenile,PMJuv21_07,G04,Fin,PMJuv21_07 G04
P.juv_02255,Juvenile,PMJuv21_07,G05,Fin,PMJuv21_07 G05
P.juv_02256,Juvenile,PMJuv21_07,G06,Fin,PMJuv21_07 G06
P.juv_02257,Juvenile,PMJuv21_07,G07,Fin,PMJuv21_07 G07
P.juv_02258,Juvenile,PMJuv21_07,G08,Fin,PMJuv21_07 G08
P.juv_02259,Juvenile,PMJuv21_07,G09,Fin,PMJuv21_07 G09
P.juv_02260,Juvenile,PMJuv21_07,G10,Fin,PMJuv21_07 G10
P.juv_02261,Juvenile,PMJuv21_07,G11,Fin,PMJuv21_07 G11
P.juv_02262,Juvenile,PMJuv21_07,G12,Fin,PMJuv21_07 G12
P.juv_02263,Juvenile,PMJuv21_07,H01,Fin,PMJuv21_07 H01
P.juv_02264,Juvenile,PMJuv21_07,H02,Fin,PMJuv21_07 H02
P.juv_02265,Juvenile,PMJuv21_07,H03,Fin,PMJuv21_07 H03
P.juv_02266,Juvenile,PMJuv21_07,H04,Fin,PMJuv21_07 H04
P.juv_02267,Juvenile,PMJuv21_07,H05,Fin,PMJuv21_07 H05
P.juv_02268,Juvenile,PMJuv21_07,H06,Fin,PMJuv21_07 H06
P.juv_02269,Juvenile,PMJuv21_07,H07,Fin,PMJuv21_07 H07
P.juv_02270,Juvenile,PMJuv21_07,H08,Fin,PMJuv21_07 H08
P.juv_02271,Juvenile,PMJuv21_07,H09,Fin,PMJuv21_07 H09
P.juv_02272,Juvenile,PMJuv21_07,H10,Fin,PMJuv21_07 H10
P.juv_02273,Juvenile,PMJuv21_07,H11,Fin,PMJuv21_07 H11
P.juv_02274,Juvenile,PMJuv21_08,A01,Fin,PMJuv21_08 A01
P.juv_02275,Juvenile,PMJuv21_08,A02,Fin,PMJuv21_08 A02
P.juv_02276,Juvenile,PMJuv21_08,A03,Fin,PMJuv21_08 A03
P.juv_02277,Juvenile,PMJuv21_08,A04,Fin,PMJuv21_08 A04
P.juv_02278,Juvenile,PMJuv21_08,A05,Fin,PMJuv21_08 A05
P.juv_02279,Juvenile,PMJuv21_08,A06,Fin,PMJuv21_08 A06
P.juv_02280,Juvenile,PMJuv21_08,A07,Fin,PMJuv21_08 A07
P.juv_02281,Juvenile,PMJuv21_08,A08,Fin,PMJuv21_08 A08
P.juv_02282,Juvenile,PMJuv21_08,A09,Fin,PMJuv21_08 A09
P.juv_02283,Juvenile,PMJuv21_08,A10,Fin,PMJuv21_08 A10
P.juv_02284,Juvenile,PMJuv21_08,A11,Fin,PMJuv21_08 A11
P.juv_02285,Juvenile,PMJuv21_08,A12,Fin,PMJuv21_08 A12
P.juv_02286,Juvenile,PMJuv21_08,B01,Fin,PMJuv21_08 B01
P.juv_02287,Juvenile,PMJuv21_08,B02,Fin,PMJuv21_08 B02
P.juv_02288,Juvenile,PMJuv21_08,B03,Fin,PMJuv21_08 B03
P.juv_02289,Juvenile,PMJuv21_08,B04,Fin,PMJuv21_08 B04
P.juv_02290,Juvenile,PMJuv21_08,B05,Fin,PMJuv21_08 B05
P.juv_02291,Juvenile,PMJuv21_08,B06,Fin,PMJuv21_08 B06
P.juv_02292,Juvenile,PMJuv21_08,B07,Fin,PMJuv21_08 B07
Empty,NA,PMJuv21_08,B08,Nil,PMJuv21_08 B08
P.juv_02293,Juvenile,PMJuv21_08,B09,Fin,PMJuv21_08 B09
P.juv_02294,Juvenile,PMJuv21_08,B10,Fin,PMJuv21_08 B10
P.juv_02295,Juvenile,PMJuv21_08,B11,Fin,PMJuv21_08 B11
P.juv_02296,Juvenile,PMJuv21_08,B12,Fin,PMJuv21_08 B12
P.juv_02297,Juvenile,PMJuv21_09,A01,Fin,PMJuv21_09 A01
P.juv_02298,Juvenile,PMJuv21_09,A02,Fin,PMJuv21_09 A02
P.juv_02299,Juvenile,PMJuv21_09,A03,Fin,PMJuv21_09 A03
P.juv_02300,Juvenile,PMJuv21_09,A04,Fin,PMJuv21_09 A04
P.juv_02301,Juvenile,PMJuv21_09,A05,Fin,PMJuv21_09 A05
P.juv_02302,Juvenile,PMJuv21_09,A06,Fin,PMJuv21_09 A06
P.juv_02303,Juvenile,PMJuv21_09,A07,Fin,PMJuv21_09 A07
P.juv_02304,Juvenile,PMJuv21_09,A08,Fin,PMJuv21_09 A08
P.juv_02305,Juvenile,PMJuv21_09,A09,Fin,PMJuv21_09 A09
P.juv_02306,Juvenile,PMJuv21_09,A10,Fin,PMJuv21_09 A10
P.juv_02307,Juvenile,PMJuv21_09,A11,Fin,PMJuv21_09 A11
P.juv_02308,Juvenile,PMJuv21_09,A12,Fin,PMJuv21_09 A12
P.juv_02309,Juvenile,PMJuv21_09,B01,Fin,PMJuv21_09 B01
P.juv_02310,Juvenile,PMJuv21_09,B02,Fin,PMJuv21_09 B02
P.juv_02311,Juvenile,PMJuv21_09,B03,Fin,PMJuv21_09 B03
P.juv_02312,Juvenile,PMJuv21_09,B04,Fin,PMJuv21_09 B04
P.juv_02313,Juvenile,PMJuv21_09,B05,Fin,PMJuv21_09 B05
P.juv_02314,Juvenile,PMJuv21_09,B06,Fin,PMJuv21_09 B06
P.juv_02315,Juvenile,PMJuv21_09,B07,Fin,PMJuv21_09 B07
P.juv_02316,Juvenile,PMJuv21_09,B08,Fin,PMJuv21_09 B08
Empty,NA,PMJuv21_09,B09,Nil,PMJuv21_09 B09
P.juv_02317,Juvenile,PMJuv21_09,B10,Fin,PMJuv21_09 B10
P.juv_02318,Juvenile,PMJuv21_09,B11,Fin,PMJuv21_09 B11
P.juv_02319,Juvenile,PMJuv21_09,B12,Fin,PMJuv21_09 B12
P.juv_02320,Juvenile,PMJuv21_09,C01,Fin,PMJuv21_09 C01
P.juv_02321,Juvenile,PMJuv21_09,C02,Fin,PMJuv21_09 C02
P.juv_02322,Juvenile,PMJuv21_09,C03,Fin,PMJuv21_09 C03
P.juv_02323,Juvenile,PMJuv21_09,C04,Fin,PMJuv21_09 C04
P.juv_02324,Juvenile,PMJuv21_09,C05,Fin,PMJuv21_09 C05
P.juv_02325,Juvenile,PMJuv21_09,C06,Fin,PMJuv21_09 C06
P.juv_02326,Juvenile,PMJuv21_09,C07,Fin,PMJuv21_09 C07
P.juv_02327,Juvenile,PMJuv21_09,C08,Fin,PMJuv21_09 C08
P.juv_02328,Juvenile,PMJuv21_09,C09,Fin,PMJuv21_09 C09
P.juv_02329,Juvenile,PMJuv21_09,C10,Fin,PMJuv21_09 C10
P.juv_02330,Juvenile,PMJuv21_09,C11,Fin,PMJuv21_09 C11
P.juv_02331,Juvenile,PMJuv21_09,C12,Fin,PMJuv21_09 C12
P.juv_02332,Juvenile,PMJuv21_09,D01,Fin,PMJuv21_09 D01
P.juv_02333,Juvenile,PMJuv21_09,D02,Fin,PMJuv21_09 D02
P.juv_02334,Juvenile,PMJuv21_09,D03,Fin,PMJuv21_09 D03
P.juv_02335,Juvenile,PMJuv21_09,D04,Fin,PMJuv21_09 D04
P.juv_02336,Juvenile,PMJuv21_09,D05,Fin,PMJuv21_09 D05
P.juv_02337,Juvenile,PMJuv21_09,D06,Fin,PMJuv21_09 D06
P.juv_02338,Juvenile,PMJuv21_09,D07,Fin,PMJuv21_09 D07
P.juv_02339,Juvenile,PMJuv21_09,D08,Fin,PMJuv21_09 D08
P.juv_02340,Juvenile,PMJuv21_09,D09,Fin,PMJuv21_09 D09
P.juv_02341,Juvenile,PMJuv21_09,D10,Fin,PMJuv21_09 D10
P.juv_02342,Juvenile,PMJuv21_09,D11,Fin,PMJuv21_09 D11
P.juv_02343,Juvenile,PMJuv21_09,D12,Fin,PMJuv21_09 D12
P.juv_02344,Juvenile,PMJuv21_09,E01,Fin,PMJuv21_09 E01
P.juv_02345,Juvenile,PMJuv21_09,E02,Fin,PMJuv21_09 E02
P.juv_02346,Juvenile,PMJuv21_09,E03,Fin,PMJuv21_09 E03
P.juv_02347,Juvenile,PMJuv21_09,E04,Fin,PMJuv21_09 E04
P.juv_02348,Juvenile,PMJuv21_09,E05,Fin,PMJuv21_09 E05
P.juv_02349,Juvenile,PMJuv21_09,E06,Fin,PMJuv21_09 E06
P.juv_02350,Juvenile,PMJuv21_09,E07,Fin,PMJuv21_09 E07
P.juv_02351,Juvenile,PMJuv21_09,E08,Fin,PMJuv21_09 E08
P.juv_02352,Juvenile,PMJuv21_09,E09,Fin,PMJuv21_09 E09
P.juv_02353,Juvenile,PMJuv21_09,E10,Fin,PMJuv21_09 E10
P.juv_02354,Juvenile,PMJuv21_09,E11,Fin,PMJuv21_09 E11
P.juv_02355,Juvenile,PMJuv21_09,E12,Fin,PMJuv21_09 E12
P.juv_02356,Juvenile,PMJuv21_09,F01,Fin,PMJuv21_09 F01
P.juv_02357,Juvenile,PMJuv21_09,F02,Fin,PMJuv21_09 F02
P.juv_02358,Juvenile,PMJuv21_09,F03,Fin,PMJuv21_09 F03
P.juv_02359,Juvenile,PMJuv21_09,F04,Fin,PMJuv21_09 F04
P.juv_02360,Juvenile,PMJuv21_09,F05,Fin,PMJuv21_09 F05
P.juv_02361,Juvenile,PMJuv21_09,F06,Fin,PMJuv21_09 F06
P.juv_02362,Juvenile,PMJuv21_09,F07,Fin,PMJuv21_09 F07
P.juv_02363,Juvenile,PMJuv21_09,F08,Fin,PMJuv21_09 F08
P.juv_02364,Juvenile,PMJuv21_09,F09,Fin,PMJuv21_09 F09
P.juv_02365,Juvenile,PMJuv21_09,F10,Fin,PMJuv21_09 F10
P.juv_02366,Juvenile,PMJuv21_09,F11,Fin,PMJuv21_09 F11
P.juv_02367,Juvenile,PMJuv21_09,F12,Fin,PMJuv21_09 F12
P.juv_02368,Juvenile,PMJuv21_09,G01,Fin,PMJuv21_09 G01
P.juv_02369,Juvenile,PMJuv21_09,G02,Fin,PMJuv21_09 G02
P.juv_02370,Juvenile,PMJuv21_09,G03,Fin,PMJuv21_09 G03
P.juv_02371,Juvenile,PMJuv21_09,G04,Fin,PMJuv21_09 G04
P.juv_02372,Juvenile,PMJuv21_09,G05,Fin,PMJuv21_09 G05
P.juv_02373,Juvenile,PMJuv21_09,G06,Fin,PMJuv21_09 G06
P.juv_02374,Juvenile,PMJuv21_09,G07,Fin,PMJuv21_09 G07
P.juv_02375,Juvenile,PMJuv21_09,G08,Fin,PMJuv21_09 G08
P.juv_02376,Juvenile,PMJuv21_09,G09,Fin,PMJuv21_09 G09
P.juv_02377,Juvenile,PMJuv21_09,G10,Fin,PMJuv21_09 G10
P.juv_02378,Juvenile,PMJuv21_09,G11,Fin,PMJuv21_09 G11
P.juv_02379,Juvenile,PMJuv21_09,G12,Fin,PMJuv21_09 G12
P.juv_02380,Juvenile,PMJuv21_09,H01,Fin,PMJuv21_09 H01
P.juv_02381,Juvenile,PMJuv21_09,H02,Fin,PMJuv21_09 H02
P.juv_02382,Juvenile,PMJuv21_09,H03,Fin,PMJuv21_09 H03
P.juv_02383,Juvenile,PMJuv21_09,H04,Fin,PMJuv21_09 H04
P.juv_02384,Juvenile,PMJuv21_09,H05,Fin,PMJuv21_09 H05
P.juv_02385,Juvenile,PMJuv21_09,H06,Fin,PMJuv21_09 H06
P.juv_02386,Juvenile,PMJuv21_09,H07,Fin,PMJuv21_09 H07
P.juv_02387,Juvenile,PMJuv21_09,H08,Fin,PMJuv21_09 H08
P.juv_02388,Juvenile,PMJuv21_09,H09,Fin,PMJuv21_09 H09
P.juv_02389,Juvenile,PMJuv21_09,H10,Fin,PMJuv21_09 H10
P.juv_02390,Juvenile,PMJuv21_09,H11,Fin,PMJuv21_09 H11
P.juv_02391,Juvenile,PMJuv21_10,A01,Fin,PMJuv21_10 A01
P.juv_02392,Juvenile,PMJuv21_10,A02,Fin,PMJuv21_10 A02
P.juv_02393,Juvenile,PMJuv21_10,A03,Fin,PMJuv21_10 A03
P.juv_02394,Juvenile,PMJuv21_10,A04,Fin,PMJuv21_10 A04
P.juv_02395,Juvenile,PMJuv21_10,A05,Fin,PMJuv21_10 A05
P.juv_02396,Juvenile,PMJuv21_10,A06,Fin,PMJuv21_10 A06
P.juv_02397,Juvenile,PMJuv21_10,A07,Fin,PMJuv21_10 A07
P.juv_02398,Juvenile,PMJuv21_10,A08,Fin,PMJuv21_10 A08
P.juv_02399,Juvenile,PMJuv21_10,A09,Fin,PMJuv21_10 A09
P.juv_02400,Juvenile,PMJuv21_10,A10,Fin,PMJuv21_10 A10
P.juv_02401,Juvenile,PMJuv21_10,A11,Fin,PMJuv21_10 A11
P.juv_02402,Juvenile,PMJuv21_10,A12,Fin,PMJuv21_10 A12
P.juv_02403,Juvenile,PMJuv21_10,B01,Fin,PMJuv21_10 B01
P.juv_02404,Juvenile,PMJuv21_10,B02,Fin,PMJuv21_10 B02
P.juv_02405,Juvenile,PMJuv21_10,B03,Fin,PMJuv21_10 B03
P.juv_02406,Juvenile,PMJuv21_10,B04,Fin,PMJuv21_10 B04
P.juv_02407,Juvenile,PMJuv21_10,B05,Fin,PMJuv21_10 B05
P.juv_02408,Juvenile,PMJuv21_10,B06,Fin,PMJuv21_10 B06
P.juv_02409,Juvenile,PMJuv21_10,B07,Fin,PMJuv21_10 B07
P.juv_02410,Juvenile,PMJuv21_10,B08,Fin,PMJuv21_10 B08
P.juv_02411,Juvenile,PMJuv21_10,B09,Fin,PMJuv21_10 B09
Empty,NA,PMJuv21_10,B10,Nil,PMJuv21_10 B10
P.juv_02412,Juvenile,PMJuv21_10,B11,Fin,PMJuv21_10 B11
P.juv_02413,Juvenile,PMJuv21_10,B12,Fin,PMJuv21_10 B12
P.juv_02414,Juvenile,PMJuv21_10,C01,Fin,PMJuv21_10 C01
P.juv_02415,Juvenile,PMJuv21_10,C02,Fin,PMJuv21_10 C02
P.juv_02416,Juvenile,PMJuv21_10,C03,Fin,PMJuv21_10 C03
P.juv_02417,Juvenile,PMJuv21_10,C04,Fin,PMJuv21_10 C04
P.juv_02418,Juvenile,PMJuv21_10,C05,Fin,PMJuv21_10 C05
P.juv_02419,Juvenile,PMJuv21_10,C06,Fin,PMJuv21_10 C06
P.juv_02420,Juvenile,PMJuv21_10,C07,Fin,PMJuv21_10 C07
P.juv_02421,Juvenile,PMJuv21_10,C08,Fin,PMJuv21_10 C08
P.juv_02422,Juvenile,PMJuv21_10,C09,Fin,PMJuv21_10 C09
P.juv_02423,Juvenile,PMJuv21_10,C10,Fin,PMJuv21_10 C10
P.juv_02424,Juvenile,PMJuv21_10,C11,Fin,PMJuv21_10 C11
P.juv_02425,Juvenile,PMJuv21_10,C12,Fin,PMJuv21_10 C12
P.juv_02426,Juvenile,PMJuv21_10,D01,Fin,PMJuv21_10 D01
P.juv_02427,Juvenile,PMJuv21_10,D02,Fin,PMJuv21_10 D02
P.juv_02428,Juvenile,PMJuv21_10,D03,Fin,PMJuv21_10 D03
P.juv_02429,Juvenile,PMJuv21_10,D04,Fin,PMJuv21_10 D04
P.juv_02430,Juvenile,PMJuv21_10,D05,Fin,PMJuv21_10 D05
P.juv_02431,Juvenile,PMJuv21_10,D06,Fin,PMJuv21_10 D06
P.juv_02432,Juvenile,PMJuv21_10,D07,Fin,PMJuv21_10 D07
P.juv_02433,Juvenile,PMJuv21_10,D08,Fin,PMJuv21_10 D08
P.juv_02434,Juvenile,PMJuv21_10,D09,Fin,PMJuv21_10 D09
P.juv_02435,Juvenile,PMJuv21_10,D10,Fin,PMJuv21_10 D10
P.juv_02436,Juvenile,PMJuv21_10,D11,Fin,PMJuv21_10 D11
P.juv_02437,Juvenile,PMJuv21_10,D12,Fin,PMJuv21_10 D12
P.juv_02438,Juvenile,PMJuv21_10,E01,Fin,PMJuv21_10 E01
P.juv_02439,Juvenile,PMJuv21_10,E02,Fin,PMJuv21_10 E02
P.juv_02440,Juvenile,PMJuv21_10,E03,Fin,PMJuv21_10 E03
P.juv_02441,Juvenile,PMJuv21_10,E04,Fin,PMJuv21_10 E04
P.juv_02442,Juvenile,PMJuv21_10,E05,Fin,PMJuv21_10 E05
P.juv_02443,Juvenile,PMJuv21_10,E06,Fin,PMJuv21_10 E06
P.juv_02444,Juvenile,PMJuv21_10,E07,Fin,PMJuv21_10 E07
P.juv_02445,Juvenile,PMJuv21_10,E08,Fin,PMJuv21_10 E08
P.juv_02446,Juvenile,PMJuv21_10,E09,Fin,PMJuv21_10 E09
P.juv_02447,Juvenile,PMJuv21_10,E10,Fin,PMJuv21_10 E10
P.juv_02448,Juvenile,PMJuv21_10,E11,Fin,PMJuv21_10 E11
P.juv_02449,Juvenile,PMJuv21_10,E12,Fin,PMJuv21_10 E12
P.juv_02450,Juvenile,PMJuv21_10,F01,Fin,PMJuv21_10 F01
P.juv_02451,Juvenile,PMJuv21_10,F02,Fin,PMJuv21_10 F02
P.juv_02452,Juvenile,PMJuv21_10,F03,Fin,PMJuv21_10 F03
P.juv_02453,Juvenile,PMJuv21_10,F04,Fin,PMJuv21_10 F04
P.juv_02454,Juvenile,PMJuv21_10,F05,Fin,PMJuv21_10 F05
P.juv_02455,Juvenile,PMJuv21_10,F06,Fin,PMJuv21_10 F06
P.juv_02456,Juvenile,PMJuv21_10,F07,Fin,PMJuv21_10 F07
P.juv_02457,Juvenile,PMJuv21_10,F08,Fin,PMJuv21_10 F08
P.juv_02458,Juvenile,PMJuv21_10,F09,Fin,PMJuv21_10 F09
P.juv_02459,Juvenile,PMJuv21_10,F10,Fin,PMJuv21_10 F10
P.juv_02460,Juvenile,PMJuv21_10,F11,Fin,PMJuv21_10 F11
P.juv_02461,Juvenile,PMJuv21_10,F12,Fin,PMJuv21_10 F12
P.juv_02462,Juvenile,PMJuv21_10,G01,Fin,PMJuv21_10 G01
P.juv_02463,Juvenile,PMJuv21_10,G02,Fin,PMJuv21_10 G02
P.juv_02464,Juvenile,PMJuv21_10,G03,Fin,PMJuv21_10 G03
P.juv_02465,Juvenile,PMJuv21_10,G04,Fin,PMJuv21_10 G04
P.juv_02466,Juvenile,PMJuv21_10,G05,Fin,PMJuv21_10 G05
P.juv_02467,Juvenile,PMJuv21_10,G06,Fin,PMJuv21_10 G06
P.juv_02468,Juvenile,PMJuv21_10,G07,Fin,PMJuv21_10 G07
P.juv_02469,Juvenile,PMJuv21_10,G08,Fin,PMJuv21_10 G08
P.juv_02470,Juvenile,PMJuv21_10,G09,Fin,PMJuv21_10 G09
P.juv_02471,Juvenile,PMJuv21_10,G10,Fin,PMJuv21_10 G10
P.juv_02472,Juvenile,PMJuv21_10,G11,Fin,PMJuv21_10 G11
P.juv_02473,Juvenile,PMJuv21_10,G12,Fin,PMJuv21_10 G12
P.juv_02474,Juvenile,PMJuv21_10,H01,Fin,PMJuv21_10 H01
P.juv_02475,Juvenile,PMJuv21_10,H02,Fin,PMJuv21_10 H02
P.juv_02476,Juvenile,PMJuv21_10,H03,Fin,PMJuv21_10 H03
P.juv_02477,Juvenile,PMJuv21_10,H04,Fin,PMJuv21_10 H04
P.juv_02478,Juvenile,PMJuv21_10,H05,Fin,PMJuv21_10 H05
P.juv_02479,Juvenile,PMJuv21_10,H06,Fin,PMJuv21_10 H06
P.juv_02480,Juvenile,PMJuv21_10,H07,Fin,PMJuv21_10 H07
P.juv_02481,Juvenile,PMJuv21_10,H08,Fin,PMJuv21_10 H08
P.juv_02482,Juvenile,PMJuv21_10,H09,Fin,PMJuv21_10 H09
P.juv_02483,Juvenile,PMJuv21_10,H10,Fin,PMJuv21_10 H10
P.juv_02484,Juvenile,PMJuv21_10,H11,Fin,PMJuv21_10 H11
P.juv_02485,Juvenile,PMJuv21_11,A01,Fin,PMJuv21_11 A01
P.juv_02486,Juvenile,PMJuv21_11,A02,Fin,PMJuv21_11 A02
P.juv_02487,Juvenile,PMJuv21_11,A03,Fin,PMJuv21_11 A03
P.juv_02488,Juvenile,PMJuv21_11,A04,Fin,PMJuv21_11 A04
P.juv_02489,Juvenile,PMJuv21_11,A05,Fin,PMJuv21_11 A05
P.juv_02490,Juvenile,PMJuv21_11,A06,Fin,PMJuv21_11 A06
P.juv_02491,Juvenile,PMJuv21_11,A07,Fin,PMJuv21_11 A07
P.juv_02492,Juvenile,PMJuv21_11,A08,Fin,PMJuv21_11 A08
P.juv_02493,Juvenile,PMJuv21_11,A09,Fin,PMJuv21_11 A09
P.juv_02494,Juvenile,PMJuv21_11,A10,Fin,PMJuv21_11 A10
P.juv_02495,Juvenile,PMJuv21_11,A11,Fin,PMJuv21_11 A11
P.juv_02496,Juvenile,PMJuv21_11,A12,Fin,PMJuv21_11 A12
P.juv_02497,Juvenile,PMJuv21_11,B01,Fin,PMJuv21_11 B01
P.juv_02498,Juvenile,PMJuv21_11,B02,Fin,PMJuv21_11 B02
P.juv_02499,Juvenile,PMJuv21_11,B03,Fin,PMJuv21_11 B03
P.juv_02500,Juvenile,PMJuv21_11,B04,Fin,PMJuv21_11 B04
P.juv_02501,Juvenile,PMJuv21_11,B05,Fin,PMJuv21_11 B05
P.juv_02502,Juvenile,PMJuv21_11,B06,Fin,PMJuv21_11 B06
P.juv_02503,Juvenile,PMJuv21_11,B07,Fin,PMJuv21_11 B07
P.juv_02504,Juvenile,PMJuv21_11,B08,Fin,PMJuv21_11 B08
P.juv_02505,Juvenile,PMJuv21_11,B09,Fin,PMJuv21_11 B09
P.juv_02506,Juvenile,PMJuv21_11,B10,Fin,PMJuv21_11 B10
Empty,NA,PMJuv21_11,B11,Nil,PMJuv21_11 B11
P.juv_02507,Juvenile,PMJuv21_11,B12,Fin,PMJuv21_11 B12
P.juv_02508,Juvenile,PMJuv21_11,C01,Fin,PMJuv21_11 C01
P.juv_02509,Juvenile,PMJuv21_11,C02,Fin,PMJuv21_11 C02
P.juv_02510,Juvenile,PMJuv21_11,C03,Fin,PMJuv21_11 C03
P.juv_02511,Juvenile,PMJuv21_11,C04,Fin,PMJuv21_11 C04
P.juv_02512,Juvenile,PMJuv21_11,C05,Fin,PMJuv21_11 C05
P.juv_02513,Juvenile,PMJuv21_11,C06,Fin,PMJuv21_11 C06
P.juv_02514,Juvenile,PMJuv21_11,C07,Fin,PMJuv21_11 C07
P.juv_02515,Juvenile,PMJuv21_11,C08,Fin,PMJuv21_11 C08
P.juv_02516,Juvenile,PMJuv21_11,C09,Fin,PMJuv21_11 C09
P.juv_02517,Juvenile,PMJuv21_11,C10,Fin,PMJuv21_11 C10
P.juv_02518,Juvenile,PMJuv21_11,C11,Fin,PMJuv21_11 C11
P.juv_02519,Juvenile,PMJuv21_11,C12,Fin,PMJuv21_11 C12
P.juv_02520,Juvenile,PMJuv21_11,D01,Fin,PMJuv21_11 D01
P.juv_02521,Juvenile,PMJuv21_11,D02,Fin,PMJuv21_11 D02
P.juv_02522,Juvenile,PMJuv21_11,D03,Fin,PMJuv21_11 D03
P.juv_02523,Juvenile,PMJuv21_11,D04,Fin,PMJuv21_11 D04
P.juv_02524,Juvenile,PMJuv21_11,D05,Fin,PMJuv21_11 D05
P.juv_02525,Juvenile,PMJuv21_11,D06,Fin,PMJuv21_11 D06
P.juv_02526,Juvenile,PMJuv21_11,D07,Fin,PMJuv21_11 D07
P.juv_02527,Juvenile,PMJuv21_11,D08,Fin,PMJuv21_11 D08
P.juv_02528,Juvenile,PMJuv21_11,D09,Fin,PMJuv21_11 D09
P.juv_02529,Juvenile,PMJuv21_11,D10,Fin,PMJuv21_11 D10
P.juv_02530,Juvenile,PMJuv21_11,D11,Fin,PMJuv21_11 D11
P.juv_02531,Juvenile,PMJuv21_11,D12,Fin,PMJuv21_11 D12
P.juv_02532,Juvenile,PMJuv21_11,E01,Fin,PMJuv21_11 E01
P.juv_02533,Juvenile,PMJuv21_11,E02,Fin,PMJuv21_11 E02
P.juv_02534,Juvenile,PMJuv21_11,E03,Fin,PMJuv21_11 E03
P.juv_02535,Juvenile,PMJuv21_11,E04,Fin,PMJuv21_11 E04
P.juv_02536,Juvenile,PMJuv21_11,E05,Fin,PMJuv21_11 E05
P.juv_02537,Juvenile,PMJuv21_11,E06,Fin,PMJuv21_11 E06
P.juv_02538,Juvenile,PMJuv21_11,E07,Fin,PMJuv21_11 E07
P.juv_02539,Juvenile,PMJuv21_11,E08,Fin,PMJuv21_11 E08
P.juv_02540,Juvenile,PMJuv21_11,E09,Fin,PMJuv21_11 E09
P.juv_02541,Juvenile,PMJuv21_11,E10,Fin,PMJuv21_11 E10
P.juv_02542,Juvenile,PMJuv21_11,E11,Fin,PMJuv21_11 E11
P.juv_02543,Juvenile,PMJuv21_11,E12,Fin,PMJuv21_11 E12
P.juv_02544,Juvenile,PMJuv21_11,F01,Fin,PMJuv21_11 F01
P.juv_02545,Juvenile,PMJuv21_11,F02,Fin,PMJuv21_11 F02
P.juv_02546,Juvenile,PMJuv21_11,F03,Fin,PMJuv21_11 F03
P.juv_02547,Juvenile,PMJuv21_11,F04,Fin,PMJuv21_11 F04
P.juv_02548,Juvenile,PMJuv21_11,F05,Fin,PMJuv21_11 F05
P.juv_02549,Juvenile,PMJuv21_11,F06,Fin,PMJuv21_11 F06
P.juv_02550,Juvenile,PMJuv21_11,F07,Fin,PMJuv21_11 F07
P.juv_02551,Juvenile,PMJuv21_11,F08,Fin,PMJuv21_11 F08
P.juv_02552,Juvenile,PMJuv21_11,F09,Fin,PMJuv21_11 F09
P.juv_02553,Juvenile,PMJuv21_11,F10,Fin,PMJuv21_11 F10
P.juv_02554,Juvenile,PMJuv21_11,F11,Fin,PMJuv21_11 F11
P.juv_02555,Juvenile,PMJuv21_11,F12,Fin,PMJuv21_11 F12
P.juv_02556,Juvenile,PMJuv21_11,G01,Fin,PMJuv21_11 G01
P.juv_02557,Juvenile,PMJuv21_11,G02,Fin,PMJuv21_11 G02
P.juv_02558,Juvenile,PMJuv21_11,G03,Fin,PMJuv21_11 G03
P.juv_02559,Juvenile,PMJuv21_11,G04,Fin,PMJuv21_11 G04
P.juv_02560,Juvenile,PMJuv21_11,G05,Fin,PMJuv21_11 G05
P.juv_02561,Juvenile,PMJuv21_11,G06,Fin,PMJuv21_11 G06
P.juv_02562,Juvenile,PMJuv21_11,G07,Fin,PMJuv21_11 G07
P.juv_02563,Juvenile,PMJuv21_11,G08,Fin,PMJuv21_11 G08
P.juv_02564,Juvenile,PMJuv21_11,G09,Fin,PMJuv21_11 G09
P.juv_02565,Juvenile,PMJuv21_11,G10,Fin,PMJuv21_11 G10
P.juv_02566,Juvenile,PMJuv21_11,G11,Fin,PMJuv21_11 G11
P.juv_02567,Juvenile,PMJuv21_11,G12,Fin,PMJuv21_11 G12
P.juv_02568,Juvenile,PMJuv21_11,H01,Fin,PMJuv21_11 H01
P.juv_02569,Juvenile,PMJuv21_11,H02,Fin,PMJuv21_11 H02
P.juv_02570,Juvenile,PMJuv21_11,H03,Fin,PMJuv21_11 H03
P.juv_02571,Juvenile,PMJuv21_11,H04,Fin,PMJuv21_11 H04
P.juv_02572,Juvenile,PMJuv21_11,H05,Fin,PMJuv21_11 H05
P.juv_02573,Juvenile,PMJuv21_11,H06,Fin,PMJuv21_11 H06
P.juv_02574,Juvenile,PMJuv21_11,H07,Fin,PMJuv21_11 H07
P.juv_02575,Juvenile,PMJuv21_11,H08,Fin,PMJuv21_11 H08
P.juv_02576,Juvenile,PMJuv21_11,H09,Fin,PMJuv21_11 H09
P.juv_02577,Juvenile,PMJuv21_11,H10,Fin,PMJuv21_11 H10
P.juv_02578,Juvenile,PMJuv21_11,H11,Fin,PMJuv21_11 H11
P.juv_02579,Juvenile,PMJuv21_12,A01,Fin,PMJuv21_12 A01
P.juv_02580,Juvenile,PMJuv21_12,A02,Fin,PMJuv21_12 A02
P.juv_02581,Juvenile,PMJuv21_12,A03,Fin,PMJuv21_12 A03
P.juv_02582,Juvenile,PMJuv21_12,A04,Fin,PMJuv21_12 A04
P.juv_02583,Juvenile,PMJuv21_12,A05,Fin,PMJuv21_12 A05
P.juv_02584,Juvenile,PMJuv21_12,A06,Fin,PMJuv21_12 A06
P.juv_02585,Juvenile,PMJuv21_12,A07,Fin,PMJuv21_12 A07
P.juv_02586,Juvenile,PMJuv21_12,A08,Fin,PMJuv21_12 A08
P.juv_02587,Juvenile,PMJuv21_12,A09,Fin,PMJuv21_12 A09
P.juv_02588,Juvenile,PMJuv21_12,A10,Fin,PMJuv21_12 A10
P.juv_02589,Juvenile,PMJuv21_12,A11,Fin,PMJuv21_12 A11
P.juv_02590,Juvenile,PMJuv21_12,A12,Fin,PMJuv21_12 A12
P.juv_02591,Juvenile,PMJuv21_12,B01,Fin,PMJuv21_12 B01
P.juv_02592,Juvenile,PMJuv21_12,B02,Fin,PMJuv21_12 B02
P.juv_02593,Juvenile,PMJuv21_12,B03,Fin,PMJuv21_12 B03
P.juv_02594,Juvenile,PMJuv21_12,B04,Fin,PMJuv21_12 B04
P.juv_02595,Juvenile,PMJuv21_12,B05,Fin,PMJuv21_12 B05
P.juv_02596,Juvenile,PMJuv21_12,B06,Fin,PMJuv21_12 B06
P.juv_02597,Juvenile,PMJuv21_12,B07,Fin,PMJuv21_12 B07
P.juv_02598,Juvenile,PMJuv21_12,B08,Fin,PMJuv21_12 B08
P.juv_02599,Juvenile,PMJuv21_12,B09,Fin,PMJuv21_12 B09
P.juv_02600,Juvenile,PMJuv21_12,B10,Fin,PMJuv21_12 B10
P.juv_02601,Juvenile,PMJuv21_12,B11,Fin,PMJuv21_12 B11
Empty,NA,PMJuv21_12,B12,Nil,PMJuv21_12 B12
P.juv_02602,Juvenile,PMJuv21_12,C01,Fin,PMJuv21_12 C01
P.juv_02603,Juvenile,PMJuv21_12,C02,Fin,PMJuv21_12 C02
P.juv_02604,Juvenile,PMJuv21_12,C03,Fin,PMJuv21_12 C03
P.juv_02605,Juvenile,PMJuv21_12,C04,Fin,PMJuv21_12 C04
P.juv_02606,Juvenile,PMJuv21_12,C05,Fin,PMJuv21_12 C05
P.juv_02607,Juvenile,PMJuv21_12,C06,Fin,PMJuv21_12 C06
P.juv_02608,Juvenile,PMJuv21_12,C07,Fin,PMJuv21_12 C07
P.juv_02609,Juvenile,PMJuv21_12,C08,Fin,PMJuv21_12 C08
P.juv_02610,Juvenile,PMJuv21_12,C09,Fin,PMJuv21_12 C09
P.juv_02611,Juvenile,PMJuv21_12,C10,Fin,PMJuv21_12 C10
P.juv_02612,Juvenile,PMJuv21_12,C11,Fin,PMJuv21_12 C11
P.juv_02613,Juvenile,PMJuv21_12,C12,Fin,PMJuv21_12 C12
P.juv_02614,Juvenile,PMJuv21_12,D01,Fin,PMJuv21_12 D01
P.juv_02615,Juvenile,PMJuv21_12,D02,Fin,PMJuv21_12 D02
P.juv_02616,Juvenile,PMJuv21_12,D03,Fin,PMJuv21_12 D03
P.juv_02617,Juvenile,PMJuv21_12,D04,Fin,PMJuv21_12 D04
P.juv_02618,Juvenile,PMJuv21_12,D05,Fin,PMJuv21_12 D05
P.juv_02619,Juvenile,PMJuv21_12,D06,Fin,PMJuv21_12 D06
P.juv_02620,Juvenile,PMJuv21_12,D07,Fin,PMJuv21_12 D07
P.juv_02621,Juvenile,PMJuv21_12,D08,Fin,PMJuv21_12 D08
P.juv_02622,Juvenile,PMJuv21_12,D09,Fin,PMJuv21_12 D09
P.juv_02623,Juvenile,PMJuv21_12,D10,Fin,PMJuv21_12 D10
P.juv_02624,Juvenile,PMJuv21_12,D11,Fin,PMJuv21_12 D11
P.juv_02625,Juvenile,PMJuv21_12,D12,Fin,PMJuv21_12 D12
P.juv_02626,Juvenile,PMJuv21_12,E01,Fin,PMJuv21_12 E01
P.juv_02627,Juvenile,PMJuv21_12,E02,Fin,PMJuv21_12 E02
P.juv_02628,Juvenile,PMJuv21_12,E03,Fin,PMJuv21_12 E03
